model_number,subset,iteration,eta,nround,correlation
1,1,1,0.0025,100,0.547600678474385
1,1,2,0.0025,100,0.542170837836368
1,1,3,0.0025,100,0.553626072917208
1,1,4,0.0025,100,0.551824195502617
1,1,5,0.0025,100,0.540873850149289
1,1,6,0.0025,100,0.535361853268911
1,1,7,0.0025,100,0.545372810803578
1,1,8,0.0025,100,0.536554284371359
1,1,9,0.0025,100,0.537886496377473
1,1,10,0.0025,100,0.529483376366138
1,2,1,0.0025,100,0.583905772152191
1,2,2,0.0025,100,0.561989195502993
1,2,3,0.0025,100,0.589049191954614
1,2,4,0.0025,100,0.56980674697509
1,2,5,0.0025,100,0.573917888120482
1,2,6,0.0025,100,0.567978021188524
1,2,7,0.0025,100,0.574576015192444
1,2,8,0.0025,100,0.574978647016087
1,2,9,0.0025,100,0.562762119716119
1,2,10,0.0025,100,0.569314579529265
1,3,1,0.0025,100,0.561798073716532
1,3,2,0.0025,100,0.577615411353099
1,3,3,0.0025,100,0.545223287231972
1,3,4,0.0025,100,0.568992108551849
1,3,5,0.0025,100,0.565238968301754
1,3,6,0.0025,100,0.577116647572242
1,3,7,0.0025,100,0.576969079454865
1,3,8,0.0025,100,0.53783463455674
1,3,9,0.0025,100,0.552566846359561
1,3,10,0.0025,100,0.55252116438837
1,4,1,0.0025,100,0.535257522272638
1,4,2,0.0025,100,0.505983470831949
1,4,3,0.0025,100,0.538208181965874
1,4,4,0.0025,100,0.511701196009128
1,4,5,0.0025,100,0.548690973218733
1,4,6,0.0025,100,0.535185469253287
1,4,7,0.0025,100,0.523214106312145
1,4,8,0.0025,100,0.52920780131257
1,4,9,0.0025,100,0.495177199924111
1,4,10,0.0025,100,0.491338251340442
1,5,1,0.0025,100,0.526303472546196
1,5,2,0.0025,100,0.522106975009238
1,5,3,0.0025,100,0.543609674912371
1,5,4,0.0025,100,0.548663531819109
1,5,5,0.0025,100,0.54122385024746
1,5,6,0.0025,100,0.565256120253752
1,5,7,0.0025,100,0.541602328846496
1,5,8,0.0025,100,0.548845376381703
1,5,9,0.0025,100,0.54436970252002
1,5,10,0.0025,100,0.541674992170068
10,1,1,0.121,1080,0.994635018618785
10,1,2,0.121,1080,0.995530197339989
10,1,3,0.121,1080,0.995759559525626
10,1,4,0.121,1080,0.994705254839947
10,1,5,0.121,1080,0.995434264940353
10,1,6,0.121,1080,0.995512685870214
10,1,7,0.121,1080,0.995334525699462
10,1,8,0.121,1080,0.995005233930871
10,1,9,0.121,1080,0.994835258468818
10,1,10,0.121,1080,0.995301977206728
10,2,1,0.121,1080,0.994476844364623
10,2,2,0.121,1080,0.995490796532996
10,2,3,0.121,1080,0.99520794822772
10,2,4,0.121,1080,0.994563450003184
10,2,5,0.121,1080,0.995068237153647
10,2,6,0.121,1080,0.995090316832929
10,2,7,0.121,1080,0.994936330104149
10,2,8,0.121,1080,0.995517634763846
10,2,9,0.121,1080,0.995205283438841
10,2,10,0.121,1080,0.994989435539661
10,3,1,0.121,1080,0.995044254053739
10,3,2,0.121,1080,0.995599291508774
10,3,3,0.121,1080,0.995760511235939
10,3,4,0.121,1080,0.996281287119676
10,3,5,0.121,1080,0.995232121669692
10,3,6,0.121,1080,0.995585777222317
10,3,7,0.121,1080,0.995757656104998
10,3,8,0.121,1080,0.995641547446709
10,3,9,0.121,1080,0.99595504082409
10,3,10,0.121,1080,0.996160039225692
10,4,1,0.121,1080,0.995710831957557
10,4,2,0.121,1080,0.995169499131041
10,4,3,0.121,1080,0.995885375629116
10,4,4,0.121,1080,0.995157888265212
10,4,5,0.121,1080,0.995828273010286
10,4,6,0.121,1080,0.99600452976041
10,4,7,0.121,1080,0.995586157906443
10,4,8,0.121,1080,0.995560652070032
10,4,9,0.121,1080,0.995796485885803
10,4,10,0.121,1080,0.995303309601168
10,5,1,0.121,1080,0.996498848097422
10,5,2,0.121,1080,0.996033652096014
10,5,3,0.121,1080,0.996468964393567
10,5,4,0.121,1080,0.996475816707827
10,5,5,0.121,1080,0.996406341854916
10,5,6,0.121,1080,0.996661400219027
10,5,7,0.121,1080,0.996615147097774
10,5,8,0.121,1080,0.996361611470165
10,5,9,0.121,1080,0.996425566403255
10,5,10,0.121,1080,0.996451452923792
12,1,1,0.2,1080,0.99930372873439
12,1,2,0.2,1080,0.999366351273041
12,1,3,0.2,1080,0.999158878424623
12,1,4,0.2,1080,0.999238822090986
12,1,5,0.2,1080,0.999175628526146
12,1,6,0.2,1080,0.999176009210272
12,1,7,0.2,1080,0.999114528723997
12,1,8,0.2,1080,0.999160020476999
12,1,9,0.2,1080,0.999193901364172
12,1,10,0.2,1080,0.999183622892783
12,2,1,0.2,1080,0.999186287681661
12,2,2,0.2,1080,0.999205892914127
12,2,3,0.2,1080,0.999325808413671
12,2,4,0.2,1080,0.999290595132059
12,2,5,0.2,1080,0.999329805596989
12,2,6,0.2,1080,0.999182671182469
12,2,7,0.2,1080,0.999403277633218
12,2,8,0.2,1080,0.999201895730808
12,2,9,0.2,1080,0.999216361727579
12,2,10,0.2,1080,0.999105963331173
12,3,1,0.2,1080,0.99928107802892
12,3,2,0.2,1080,0.999339893726316
12,3,3,0.2,1080,0.999405752080034
12,3,4,0.2,1080,0.999279745634481
12,3,5,0.2,1080,0.99921502933314
12,3,6,0.2,1080,0.999227591909282
12,3,7,0.2,1080,0.999322572598604
12,3,8,0.2,1080,0.999342177831069
12,3,9,0.2,1080,0.999289643421745
12,3,10,0.2,1080,0.999416601577612
12,4,1,0.2,1080,0.99917448647377
12,4,2,0.2,1080,0.999139273192157
12,4,3,0.2,1080,0.999276129135288
12,4,4,0.2,1080,0.999203608809373
12,4,5,0.2,1080,0.999253668771882
12,4,6,0.2,1080,0.999102537174043
12,4,7,0.2,1080,0.999374726323803
12,4,8,0.2,1080,0.999232540802914
12,4,9,0.2,1080,0.999230256698161
12,4,10,0.2,1080,0.999244722694931
12,5,1,0.2,1080,0.999328092518424
12,5,2,0.2,1080,0.999290595132059
12,5,3,0.2,1080,0.999440965361647
12,5,4,0.2,1080,0.999258617665514
12,5,5,0.2,1080,0.999401945238779
12,5,6,0.2,1080,0.999474846248819
12,5,7,0.2,1080,0.999458096147296
12,5,8,0.2,1080,0.999393189503892
12,5,9,0.2,1080,0.999430686890257
12,5,10,0.2,1080,0.999526809631955
13,1,1,0.0025,2060,0.749661357677576
13,1,2,0.0025,2060,0.753162128896028
13,1,3,0.0025,2060,0.749628618842779
13,1,4,0.0025,2060,0.750974337226558
13,1,5,0.0025,2060,0.756296681985713
13,1,6,0.0025,2060,0.752434451190061
13,1,7,0.0025,2060,0.754702186525895
13,1,8,0.0025,2060,0.750942740444138
13,1,9,0.0025,2060,0.756414884406693
13,1,10,0.0025,2060,0.75330659852167
13,2,1,0.0025,2060,0.769193879474835
13,2,2,0.0025,2060,0.7692134847073
13,2,3,0.0025,2060,0.767770311187383
13,2,4,0.0025,2060,0.767091741733611
13,2,5,0.0025,2060,0.768026130919745
13,2,6,0.0025,2060,0.770758871914924
13,2,7,0.0025,2060,0.767494124854305
13,2,8,0.0025,2060,0.76966231129131
13,2,9,0.0025,2060,0.770576714560854
13,2,10,0.0025,2060,0.76951936440217
13,3,1,0.0025,2060,0.768132912816959
13,3,2,0.0025,2060,0.767040539718726
13,3,3,0.0025,2060,0.767278847981313
13,3,4,0.0025,2060,0.766613221787809
13,3,5,0.0025,2060,0.76872544765836
13,3,6,0.0025,2060,0.768648739807064
13,3,7,0.0025,2060,0.767537332502554
13,3,8,0.0025,2060,0.767736620642273
13,3,9,0.0025,2060,0.768814337401673
13,3,10,0.0025,2060,0.772280466364702
13,4,1,0.0025,2060,0.754024949466562
13,4,2,0.0025,2060,0.756593044577445
13,4,3,0.0025,2060,0.752672378768523
13,4,4,0.0025,2060,0.751963354584707
13,4,5,0.0025,2060,0.752471567892301
13,4,6,0.0025,2060,0.752036445936811
13,4,7,0.0025,2060,0.751552596413251
13,4,8,0.0025,2060,0.751162014500449
13,4,9,0.0025,2060,0.749679249831476
13,4,10,0.0025,2060,0.7534337470196
13,5,1,0.0025,2060,0.786390142793664
13,5,2,0.0025,2060,0.785845574152081
13,5,3,0.0025,2060,0.786279173371069
13,5,4,0.0025,2060,0.788044405661192
13,5,5,0.0025,2060,0.789881016224853
13,5,6,0.0025,2060,0.78448938695485
13,5,7,0.0025,2060,0.790100670965289
13,5,8,0.0025,2060,0.786723622087636
13,5,9,0.0025,2060,0.788068579103164
13,5,10,0.0025,2060,0.789099281373059
14,1,1,0.042,2060,0.987403923654179
14,1,2,0.042,2060,0.986774462452601
14,1,3,0.042,2060,0.986941963467838
14,1,4,0.042,2060,0.987333306748892
14,1,5,0.042,2060,0.98645202299827
14,1,6,0.042,2060,0.98728438883876
14,1,7,0.042,2060,0.986571938497815
14,1,8,0.042,2060,0.987099757037874
14,1,9,0.042,2060,0.987553722857579
14,1,10,0.042,2060,0.986540532057458
14,2,1,0.042,2060,0.986445932052261
14,2,2,0.042,2060,0.986653975926868
14,2,3,0.042,2060,0.986620475723821
14,2,4,0.042,2060,0.986421948952352
14,2,5,0.042,2060,0.986568131656559
14,2,6,0.042,2060,0.986564705499429
14,2,7,0.042,2060,0.986492756199703
14,2,8,0.042,2060,0.987485199714982
14,2,9,0.042,2060,0.985916781117763
14,2,10,0.042,2060,0.985757084127099
14,3,1,0.042,2060,0.988065743006428
14,3,2,0.042,2060,0.988205454080501
14,3,3,0.042,2060,0.987141632291683
14,3,4,0.042,2060,0.988391227933764
14,3,5,0.042,2060,0.988063649243738
14,3,6,0.042,2060,0.98768715264358
14,3,7,0.042,2060,0.988494393331785
14,3,8,0.042,2060,0.989431256964735
14,3,9,0.042,2060,0.988290346640496
14,3,10,0.042,2060,0.988706244047647
14,4,1,0.042,2060,0.987587603744752
14,4,2,0.042,2060,0.987691911195149
14,4,3,0.042,2060,0.988140737779159
14,4,4,0.042,2060,0.987891770361057
14,4,5,0.042,2060,0.987967716844102
14,4,6,0.042,2060,0.987213010565222
14,4,7,0.042,2060,0.987588936139191
14,4,8,0.042,2060,0.987386221842342
14,4,9,0.042,2060,0.988495916068287
14,4,10,0.042,2060,0.988302718874576
14,5,1,0.042,2060,0.989640062207593
14,5,2,0.042,2060,0.990037686776718
14,5,3,0.042,2060,0.989835543506057
14,5,4,0.042,2060,0.989857623185338
14,5,5,0.042,2060,0.989488740267691
14,5,6,0.042,2060,0.989541845703204
14,5,7,0.042,2060,0.990537905717676
14,5,8,0.042,2060,0.99008317852972
14,5,9,0.042,2060,0.989796142699064
14,5,10,0.042,2060,0.990252011939396
15,1,1,0.0815,2060,0.998146448992753
15,1,2,0.0815,2060,0.997933646566576
15,1,3,0.0815,2060,0.99800673791868
15,1,4,0.0815,2060,0.998082113375537
15,1,5,0.0815,2060,0.9979503966681
15,1,6,0.0815,2060,0.998100576555625
15,1,7,0.0815,2060,0.998006166892492
15,1,8,0.0815,2060,0.99806174677482
15,1,9,0.0815,2060,0.997902049784157
15,1,10,0.0815,2060,0.998091820820738
15,2,1,0.0815,2060,0.997773949575913
15,2,2,0.0815,2060,0.997976854214825
15,2,3,0.0815,2060,0.998080209954909
15,2,4,0.0815,2060,0.997763100078335
15,2,5,0.0815,2060,0.997924700489626
15,2,6,0.0815,2060,0.998200125454454
15,2,7,0.0815,2060,0.998029198282087
15,2,8,0.0815,2060,0.998032243755091
15,2,9,0.0815,2060,0.998194795876696
15,2,10,0.0815,2060,0.997798123017885
15,3,1,0.0815,2060,0.998288444171578
15,3,2,0.0815,2060,0.998323086427003
15,3,3,0.0815,2060,0.998438433717041
15,3,4,0.0815,2060,0.99847345665659
15,3,5,0.0815,2060,0.998473646998653
15,3,6,0.0815,2060,0.998446999109865
15,3,7,0.0815,2060,0.998445666715426
15,3,8,0.0815,2060,0.998559491268962
15,3,9,0.0815,2060,0.998466223658205
15,3,10,0.0815,2060,0.998546548008694
15,4,1,0.0815,2060,0.998231531894811
15,4,2,0.0815,2060,0.998146068308627
15,4,3,0.0815,2060,0.998146448992753
15,4,4,0.0815,2060,0.9978266743273
15,4,5,0.0815,2060,0.998061937116883
15,4,6,0.0815,2060,0.998070692851771
15,4,7,0.0815,2060,0.998117516999212
15,4,8,0.0815,2060,0.998088394663608
15,4,9,0.0815,2060,0.998253992258217
15,4,10,0.0815,2060,0.998073738324775
15,5,1,0.0815,2060,0.99874355204366
15,5,2,0.0815,2060,0.99851742567309
15,5,3,0.0815,2060,0.99873327357227
15,5,4,0.0815,2060,0.9984273938774
15,5,5,0.0815,2060,0.998617355256044
15,5,6,0.0815,2060,0.998645716223396
15,5,7,0.0815,2060,0.998710242182675
15,5,8,0.0815,2060,0.998689875581959
15,5,9,0.0815,2060,0.998708338762048
15,5,10,0.0815,2060,0.998611644994161
16,1,1,0.121,2060,0.999608085692758
16,1,2,0.121,2060,0.999673182678225
16,1,3,0.121,2060,0.999640443843429
16,1,4,0.121,2060,0.999554409231057
16,1,5,0.121,2060,0.999646154105312
16,1,6,0.121,2060,0.999660239417957
16,1,7,0.121,2060,0.999653767787823
16,1,8,0.121,2060,0.999658145655266
16,1,9,0.121,2060,0.999617031769708
16,1,10,0.121,2060,0.999655671208451
16,2,1,0.121,2060,0.999574775831773
16,2,2,0.121,2060,0.999630546056165
16,2,3,0.121,2060,0.999642537606119
16,2,4,0.121,2060,0.99957591788415
16,2,5,0.121,2060,0.999629784687914
16,2,6,0.121,2060,0.999605230561816
16,2,7,0.121,2060,0.999607895350695
16,2,8,0.121,2060,0.999680034992485
16,2,9,0.121,2060,0.999598949273745
16,2,10,0.121,2060,0.999590383880921
16,3,1,0.121,2060,0.999683651491677
16,3,2,0.121,2060,0.999699449882887
16,3,3,0.121,2060,0.999661762154459
16,3,4,0.121,2060,0.999735614874813
16,3,5,0.121,2060,0.999705350486833
16,3,6,0.121,2060,0.999684412859929
16,3,7,0.121,2060,0.99967698951948
16,3,8,0.121,2060,0.99968041567661
16,3,9,0.121,2060,0.999728572218491
16,3,10,0.121,2060,0.999741134794634
16,4,1,0.121,2060,0.999637588712487
16,4,2,0.121,2060,0.999602565772938
16,4,3,0.121,2060,0.999650722314818
16,4,4,0.121,2060,0.999562403597693
16,4,5,0.121,2060,0.999611131165762
16,4,6,0.121,2060,0.999637588712487
16,4,7,0.121,2060,0.999654529156074
16,4,8,0.121,2060,0.999659668391768
16,4,9,0.121,2060,0.999620457926838
16,4,10,0.121,2060,0.999658335997329
16,5,1,0.121,2060,0.999762262763601
16,5,2,0.121,2060,0.999754268396965
16,5,3,0.121,2060,0.999750651897772
16,5,4,0.121,2060,0.999724575035173
16,5,5,0.121,2060,0.99975940763266
16,5,6,0.121,2060,0.999723813666922
16,5,7,0.121,2060,0.999746845056517
16,5,8,0.121,2060,0.999706682881273
16,5,9,0.121,2060,0.999704589118582
16,5,10,0.121,2060,0.999735995558939
17,1,1,0.1605,2060,0.999920056333637
17,1,2,0.1605,2060,0.999883700999648
17,1,3,0.1605,2060,0.999910348888436
17,1,4,0.1605,2060,0.999897215286104
17,1,5,0.1605,2060,0.999906732389243
17,1,6,0.1605,2060,0.999903306232113
17,1,7,0.1605,2060,0.999919865991574
17,1,8,0.1605,2060,0.999928050700273
17,1,9,0.1605,2060,0.999903877258301
17,1,10,0.1605,2060,0.999903686916239
17,2,1,0.1605,2060,0.999892837418661
17,2,2,0.1605,2060,0.999893789128975
17,2,3,0.1605,2060,0.999895692549602
17,2,4,0.1605,2060,0.999888269209155
17,2,5,0.1605,2060,0.999900451101172
17,2,6,0.1605,2060,0.999912823335252
17,2,7,0.1605,2060,0.99991891428126
17,2,8,0.1605,2060,0.999879323132204
17,2,9,0.1605,2060,0.999911681282875
17,2,10,0.1605,2060,0.999908064783682
17,3,1,0.1605,2060,0.999930144462964
17,3,2,0.1605,2060,0.999931096173278
17,3,3,0.1605,2060,0.999927098989959
17,3,4,0.1605,2060,0.999920627359825
17,3,5,0.1605,2060,0.999913204019377
17,3,6,0.1605,2060,0.999910539230498
17,3,7,0.1605,2060,0.999913204019377
17,3,8,0.1605,2060,0.999918343255072
17,3,9,0.1605,2060,0.999930334805027
17,3,10,0.1605,2060,0.999921008043951
17,4,1,0.1605,2060,0.999904257942427
17,4,2,0.1605,2060,0.999921388728076
17,4,3,0.1605,2060,0.999906732389243
17,4,4,0.1605,2060,0.999912252309063
17,4,5,0.1605,2060,0.99990654204718
17,4,6,0.1605,2060,0.999897024944042
17,4,7,0.1605,2060,0.999917581886821
17,4,8,0.1605,2060,0.999912823335252
17,4,9,0.1605,2060,0.999900070417046
17,4,10,0.1605,2060,0.999908255125745
17,5,1,0.1605,2060,0.99992919275265
17,5,2,0.1605,2060,0.999921579070139
17,5,3,0.1605,2060,0.999942136012918
17,5,4,0.1605,2060,0.999926337621708
17,5,5,0.1605,2060,0.999933570620094
17,5,6,0.1605,2060,0.999917581886821
17,5,7,0.1605,2060,0.999934522330407
17,5,8,0.1605,2060,0.999910729572561
17,5,9,0.1605,2060,0.999921388728076
17,5,10,0.1605,2060,0.999945942854174
18,1,1,0.2,2060,0.999979252715158
18,1,2,0.2,2060,0.999983059556414
18,1,3,0.2,2060,0.999979443057221
18,1,4,0.2,2060,0.999965167402513
18,1,5,0.2,2060,0.999968212875518
18,1,6,0.2,2060,0.999976778268342
18,1,7,0.2,2060,0.999974303821526
18,1,8,0.2,2060,0.999975445873903
18,1,9,0.2,2060,0.999975826558028
18,1,10,0.2,2060,0.999976587926279
18,2,1,0.2,2060,0.999966880481078
18,2,2,0.2,2060,0.999974113479463
18,2,3,0.2,2060,0.999969925954083
18,2,4,0.2,2060,0.999970877664396
18,2,5,0.2,2060,0.999976587926279
18,2,6,0.2,2060,0.99996630945489
18,2,7,0.2,2060,0.99997868168897
18,2,8,0.2,2060,0.999962692955697
18,2,9,0.2,2060,0.999968593559643
18,2,10,0.2,2060,0.999964596376325
18,3,1,0.2,2060,0.99997525553184
18,3,2,0.2,2060,0.999976016900091
18,3,3,0.2,2060,0.999983440240539
18,3,4,0.2,2060,0.999975636215965
18,3,5,0.2,2060,0.999969545269957
18,3,6,0.2,2060,0.999972400400899
18,3,7,0.2,2060,0.999972781085024
18,3,8,0.2,2060,0.999976397584217
18,3,9,0.2,2060,0.999973732795338
18,3,10,0.2,2060,0.999976207242154
18,4,1,0.2,2060,0.999970116296145
18,4,2,0.2,2060,0.999969164585831
18,4,3,0.2,2060,0.999970877664396
18,4,4,0.2,2060,0.999973732795338
18,4,5,0.2,2060,0.999971258348522
18,4,6,0.2,2060,0.999961170219195
18,4,7,0.2,2060,0.99997868168897
18,4,8,0.2,2060,0.99996973561202
18,4,9,0.2,2060,0.999976587926279
18,4,10,0.2,2060,0.999974684505652
18,5,1,0.2,2060,0.999975445873903
18,5,2,0.2,2060,0.999977539636593
18,5,3,0.2,2060,0.999978110662781
18,5,4,0.2,2060,0.999968022533455
18,5,5,0.2,2060,0.999980965793723
18,5,6,0.2,2060,0.999977920320719
18,5,7,0.2,2060,0.999978491346907
18,5,8,0.2,2060,0.999976016900091
18,5,9,0.2,2060,0.999979062373095
18,5,10,0.2,2060,0.999979443057221
19,1,1,0.0025,3040,0.795537601646231
19,1,2,0.0025,3040,0.799557626011918
19,1,3,0.0025,3040,0.799114129005665
19,1,4,0.0025,3040,0.801909682881558
19,1,5,0.0025,3040,0.804603213411806
19,1,6,0.0025,3040,0.798081903999268
19,1,7,0.0025,3040,0.800648666715711
19,1,8,0.0025,3040,0.797856729339012
19,1,9,0.0025,3040,0.801963549685322
19,1,10,0.0025,3040,0.800193939527756
19,2,1,0.0025,3040,0.807651731889119
19,2,2,0.0025,3040,0.805872033602227
19,2,3,0.0025,3040,0.805804652512006
19,2,4,0.0025,3040,0.80675617248379
19,2,5,0.0025,3040,0.806631308090613
19,2,6,0.0025,3040,0.809077393939261
19,2,7,0.0025,3040,0.805300055703605
19,2,8,0.0025,3040,0.807491083188142
19,2,9,0.0025,3040,0.8097494917629
19,2,10,0.0025,3040,0.809231761352167
19,3,1,0.0025,3040,0.807017512135972
19,3,2,0.0025,3040,0.805640767995962
19,3,3,0.0025,3040,0.809276682078981
19,3,4,0.0025,3040,0.809149152896925
19,3,5,0.0025,3040,0.809630908657794
19,3,6,0.0025,3040,0.807405238917833
19,3,7,0.0025,3040,0.808645888482963
19,3,8,0.0025,3040,0.808382645410153
19,3,9,0.0025,3040,0.810211071265115
19,3,10,0.0025,3040,0.810844339307949
19,4,1,0.0025,3040,0.793581836951276
19,4,2,0.0025,3040,0.796669946577645
19,4,3,0.0025,3040,0.79596853607634
19,4,4,0.0025,3040,0.792346326621841
19,4,5,0.0025,3040,0.794583036201443
19,4,6,0.0025,3040,0.793728971365797
19,4,7,0.0025,3040,0.792896986209432
19,4,8,0.0025,3040,0.794188076421196
19,4,9,0.0025,3040,0.793397395492453
19,4,10,0.0025,3040,0.794386793534727
19,5,1,0.0025,3040,0.818527306329568
19,5,2,0.0025,3040,0.819971621901862
19,5,3,0.0025,3040,0.823145385456477
19,5,4,0.0025,3040,0.822288655831952
19,5,5,0.0025,3040,0.82365835731564
19,5,6,0.0025,3040,0.819737881848781
19,5,7,0.0025,3040,0.821965074325245
19,5,8,0.0025,3040,0.821832976933683
19,5,9,0.0025,3040,0.820927139056964
19,5,10,0.0025,3040,0.819537261314622
2,1,1,0.042,100,0.708549565882099
2,1,2,0.042,100,0.713360080834467
2,1,3,0.042,100,0.713113016836993
2,1,4,0.042,100,0.70030166361818
2,1,5,0.042,100,0.7052903387413
2,1,6,0.042,100,0.709302368740351
2,1,7,0.042,100,0.708520824230621
2,1,8,0.042,100,0.697681034097972
2,1,9,0.042,100,0.703816139465152
2,1,10,0.042,100,0.712245818399016
2,2,1,0.042,100,0.735680162140983
2,2,2,0.042,100,0.739920412273294
2,2,3,0.042,100,0.723617043570916
2,2,4,0.042,100,0.721172290116707
2,2,5,0.042,100,0.736170102610551
2,2,6,0.042,100,0.725635621146584
2,2,7,0.042,100,0.729795166244282
2,2,8,0.042,100,0.741662803515884
2,2,9,0.042,100,0.721627778672914
2,2,10,0.042,100,0.727528763302888
2,3,1,0.042,100,0.726761113763739
2,3,2,0.042,100,0.715404544930672
2,3,3,0.042,100,0.71872144571649
2,3,4,0.042,100,0.729656787564649
2,3,5,0.042,100,0.728199528732087
2,3,6,0.042,100,0.732426074235879
2,3,7,0.042,100,0.725780852140478
2,3,8,0.042,100,0.731224825477742
2,3,9,0.042,100,0.734143721010309
2,3,10,0.042,100,0.728571647464801
2,4,1,0.042,100,0.693545091416058
2,4,2,0.042,100,0.703994870662092
2,4,3,0.042,100,0.718355608271847
2,4,4,0.042,100,0.716787760700817
2,4,5,0.042,100,0.721583428972289
2,4,6,0.042,100,0.70923422628188
2,4,7,0.042,100,0.70535562606883
2,4,8,0.042,100,0.715412158613183
2,4,9,0.042,100,0.702613938996701
2,4,10,0.042,100,0.701227297069427
2,5,1,0.042,100,0.734712272751801
2,5,2,0.042,100,0.740778283950195
2,5,3,0.042,100,0.738477619437503
2,5,4,0.042,100,0.74350112715811
2,5,5,0.042,100,0.738511881008802
2,5,6,0.042,100,0.733196388563906
2,5,7,0.042,100,0.748043830828162
2,5,8,0.042,100,0.732120575225134
2,5,9,0.042,100,0.744566662025493
2,5,10,0.042,100,0.7397296895264
20,1,1,0.042,3040,0.994996668538046
20,1,2,0.042,3040,0.995225269355432
20,1,3,0.042,3040,0.995483944218736
20,1,4,0.042,3040,0.995189865731757
20,1,5,0.042,3040,0.995030739767282
20,1,6,0.042,3040,0.995238973983952
20,1,7,0.042,3040,0.99522717277606
20,1,8,0.042,3040,0.995474427115597
20,1,9,0.042,3040,0.995406094315063
20,1,10,0.042,3040,0.995197098730143
20,2,1,0.042,3040,0.994836590863257
20,2,2,0.042,3040,0.995329957489955
20,2,3,0.042,3040,0.995128765929608
20,2,4,0.042,3040,0.995065191680643
20,2,5,0.042,3040,0.99533642912009
20,2,6,0.042,3040,0.995111254459833
20,2,7,0.042,3040,0.995130098324048
20,2,8,0.042,3040,0.995517063737658
20,2,9,0.042,3040,0.994914060082804
20,2,10,0.042,3040,0.995049012605308
20,3,1,0.042,3040,0.995726820690829
20,3,2,0.042,3040,0.995744332160604
20,3,3,0.042,3040,0.99588423357674
20,3,4,0.042,3040,0.995816471802394
20,3,5,0.042,3040,0.995979404608124
20,3,6,0.042,3040,0.99576469876132
20,3,7,0.042,3040,0.995929534987679
20,3,8,0.042,3040,0.996379313282003
20,3,9,0.042,3040,0.996058967590362
20,3,10,0.042,3040,0.996074765981572
20,4,1,0.042,3040,0.995618516057114
20,4,2,0.042,3040,0.995424557495152
20,4,3,0.042,3040,0.995761653288316
20,4,4,0.042,3040,0.995587490300882
20,4,5,0.042,3040,0.995710451273431
20,4,6,0.042,3040,0.995290747025025
20,4,7,0.042,3040,0.995292079419464
20,4,8,0.042,3040,0.995567694726354
20,4,9,0.042,3040,0.995676951070384
20,4,10,0.042,3040,0.995887279049744
20,5,1,0.042,3040,0.996580314500287
20,5,2,0.042,3040,0.996549288744055
20,5,3,0.042,3040,0.996579743474098
20,5,4,0.042,3040,0.996509887937062
20,5,5,0.042,3040,0.996184593351789
20,5,6,0.042,3040,0.996392637226396
20,5,7,0.042,3040,0.996720977284673
20,5,8,0.042,3040,0.996606772047012
20,5,9,0.042,3040,0.996507032806121
20,5,10,0.042,3040,0.996641414302436
21,1,1,0.0815,3040,0.999693929963067
21,1,2,0.0815,3040,0.999593619695987
21,1,3,0.0815,3040,0.999657574629078
21,1,4,0.0815,3040,0.999636637002173
21,1,5,0.0815,3040,0.999654338814011
21,1,6,0.0815,3040,0.999654719498136
21,1,7,0.0815,3040,0.999664617285401
21,1,8,0.0815,3040,0.99968041567661
21,1,9,0.0815,3040,0.999597616879306
21,1,10,0.0815,3040,0.999647867183877
21,2,1,0.0815,3040,0.999603707825314
21,2,2,0.0815,3040,0.999653387103697
21,2,3,0.0815,3040,0.999633020502981
21,2,4,0.0815,3040,0.999619315874461
21,2,5,0.0815,3040,0.999628452293474
21,2,6,0.0815,3040,0.999646915473563
21,2,7,0.0815,3040,0.999647676841814
21,2,8,0.0815,3040,0.999642918290245
21,2,9,0.0815,3040,0.99969964022495
21,2,10,0.0815,3040,0.999555931967559
21,3,1,0.0815,3040,0.999704779460645
21,3,2,0.0815,3040,0.999683270807552
21,3,3,0.0815,3040,0.999713725537595
21,3,4,0.0815,3040,0.999702685697954
21,3,5,0.0815,3040,0.999720387509792
21,3,6,0.0815,3040,0.999738660347818
21,3,7,0.0815,3040,0.999740754110508
21,3,8,0.0815,3040,0.999759217290597
21,3,9,0.0815,3040,0.999739802400194
21,3,10,0.0815,3040,0.999730285297056
21,4,1,0.0815,3040,0.999653958129885
21,4,2,0.0815,3040,0.999624074426031
21,4,3,0.0815,3040,0.99962331305778
21,4,4,0.0815,3040,0.999586957723791
21,4,5,0.0815,3040,0.999657764971141
21,4,6,0.0815,3040,0.999635685291859
21,4,7,0.0815,3040,0.999626929556972
21,4,8,0.0815,3040,0.999602375430875
21,4,9,0.0815,3040,0.99965357744576
21,4,10,0.0815,3040,0.999634923923609
21,5,1,0.0815,3040,0.999750461555709
21,5,2,0.0815,3040,0.999721719904231
21,5,3,0.0815,3040,0.999744941635889
21,5,4,0.0815,3040,0.999727620508177
21,5,5,0.0815,3040,0.999712393143156
21,5,6,0.0815,3040,0.999724575035173
21,5,7,0.0815,3040,0.999784723127008
21,5,8,0.0815,3040,0.99975464908109
21,5,9,0.0815,3040,0.999768924735798
21,5,10,0.0815,3040,0.999728762560554
22,1,1,0.121,3040,0.999940042250228
22,1,2,0.121,3040,0.999958695772379
22,1,3,0.121,3040,0.999956221325563
22,1,4,0.121,3040,0.999945562170048
22,1,5,0.121,3040,0.999961550903321
22,1,6,0.121,3040,0.999960028166818
22,1,7,0.121,3040,0.999955840641437
22,1,8,0.121,3040,0.999954888931124
22,1,9,0.121,3040,0.999947655932738
22,1,10,0.121,3040,0.999960218508881
22,2,1,0.121,3040,0.999931857541529
22,2,2,0.121,3040,0.999943468407358
22,2,3,0.121,3040,0.99994708490655
22,2,4,0.121,3040,0.999934903014533
22,2,5,0.121,3040,0.999937758145474
22,2,6,0.121,3040,0.999951462773994
22,2,7,0.121,3040,0.999946513880362
22,2,8,0.121,3040,0.999950130379555
22,2,9,0.121,3040,0.999941184302604
22,2,10,0.121,3040,0.999944229775609
22,3,1,0.121,3040,0.999951272431931
22,3,2,0.121,3040,0.999952604826371
22,3,3,0.121,3040,0.999949559353366
22,3,4,0.121,3040,0.999965357744576
22,3,5,0.121,3040,0.999958886114442
22,3,6,0.121,3040,0.999950701405743
22,3,7,0.121,3040,0.999968974243768
22,3,8,0.121,3040,0.99995393722081
22,3,9,0.121,3040,0.99996078953507
22,3,10,0.121,3040,0.999967070823141
22,4,1,0.121,3040,0.999956411667626
22,4,2,0.121,3040,0.999944800801797
22,4,3,0.121,3040,0.999949369011303
22,4,4,0.121,3040,0.999948988327178
22,4,5,0.121,3040,0.999944039433546
22,4,6,0.121,3040,0.999949749695429
22,4,7,0.121,3040,0.99996078953507
22,4,8,0.121,3040,0.999947275248613
22,4,9,0.121,3040,0.999955650299375
22,4,10,0.121,3040,0.999948607643052
22,5,1,0.121,3040,0.99997182937471
22,5,2,0.121,3040,0.999960599193007
22,5,3,0.121,3040,0.999965548086639
22,5,4,0.121,3040,0.999965167402513
22,5,5,0.121,3040,0.999976207242154
22,5,6,0.121,3040,0.999963835008074
22,5,7,0.121,3040,0.999970306638208
22,5,8,0.121,3040,0.999958505430316
22,5,9,0.121,3040,0.999961360561258
22,5,10,0.121,3040,0.999958886114442
23,1,1,0.1605,3040,0.999992767001615
23,1,2,0.1605,3040,0.999992005633364
23,1,3,0.1605,3040,0.999991815291301
23,1,4,0.1605,3040,0.999992005633364
23,1,5,0.1605,3040,0.999991624949238
23,1,6,0.1605,3040,0.999993718711929
23,1,7,0.1605,3040,0.999990482896862
23,1,8,0.1605,3040,0.999991624949238
23,1,9,0.1605,3040,0.999989911870673
23,1,10,0.1605,3040,0.999993718711929
23,2,1,0.1605,3040,0.999987056739732
23,2,2,0.1605,3040,0.999990102212736
23,2,3,0.1605,3040,0.999988579476234
23,2,4,0.1605,3040,0.999989150502422
23,2,5,0.1605,3040,0.999987437423857
23,2,6,0.1605,3040,0.999990673238924
23,2,7,0.1605,3040,0.999990292554799
23,2,8,0.1605,3040,0.999988008450046
23,2,9,0.1605,3040,0.999986295371481
23,2,10,0.1605,3040,0.999988008450046
23,3,1,0.1605,3040,0.999992576659552
23,3,2,0.1605,3040,0.999992005633364
23,3,3,0.1605,3040,0.999989531186548
23,3,4,0.1605,3040,0.99999105392305
23,3,5,0.1605,3040,0.99999105392305
23,3,6,0.1605,3040,0.999990863580987
23,3,7,0.1605,3040,0.999990482896862
23,3,8,0.1605,3040,0.999990863580987
23,3,9,0.1605,3040,0.999991815291301
23,3,10,0.1605,3040,0.99999314768574
23,4,1,0.1605,3040,0.999988579476234
23,4,2,0.1605,3040,0.999990482896862
23,4,3,0.1605,3040,0.999991244265112
23,4,4,0.1605,3040,0.99999105392305
23,4,5,0.1605,3040,0.999990673238924
23,4,6,0.1605,3040,0.999988198792108
23,4,7,0.1605,3040,0.999991815291301
23,4,8,0.1605,3040,0.999994289738117
23,4,9,0.1605,3040,0.999990863580987
23,4,10,0.1605,3040,0.99999105392305
23,5,1,0.1605,3040,0.999992005633364
23,5,2,0.1605,3040,0.999992386317489
23,5,3,0.1605,3040,0.999994860764305
23,5,4,0.1605,3040,0.999992195975426
23,5,5,0.1605,3040,0.999992005633364
23,5,6,0.1605,3040,0.999993528369866
23,5,7,0.1605,3040,0.999993338027803
23,5,8,0.1605,3040,0.999993528369866
23,5,9,0.1605,3040,0.999989531186548
23,5,10,0.1605,3040,0.999994099396054
24,1,1,0.2,3040,0.999997525553184
24,1,2,0.2,3040,0.999997715895247
24,1,3,0.2,3040,0.999997335211121
24,1,4,0.2,3040,0.999996954526996
24,1,5,0.2,3040,0.99999657384287
24,1,6,0.2,3040,0.999997525553184
24,1,7,0.2,3040,0.999996383500807
24,1,8,0.2,3040,0.999996764184933
24,1,9,0.2,3040,0.999997144869058
24,1,10,0.2,3040,0.999996954526996
24,2,1,0.2,3040,0.999997335211121
24,2,2,0.2,3040,0.999997335211121
24,2,3,0.2,3040,0.999997525553184
24,2,4,0.2,3040,0.999996383500807
24,2,5,0.2,3040,0.999997906237309
24,2,6,0.2,3040,0.999997715895247
24,2,7,0.2,3040,0.999997335211121
24,2,8,0.2,3040,0.999996764184933
24,2,9,0.2,3040,0.999997715895247
24,2,10,0.2,3040,0.999998096579372
24,3,1,0.2,3040,0.999996764184933
24,3,2,0.2,3040,0.999997715895247
24,3,3,0.2,3040,0.999999238631749
24,3,4,0.2,3040,0.999996954526996
24,3,5,0.2,3040,0.999996954526996
24,3,6,0.2,3040,0.999997715895247
24,3,7,0.2,3040,0.999997335211121
24,3,8,0.2,3040,0.999998477263498
24,3,9,0.2,3040,0.99999657384287
24,3,10,0.2,3040,0.999998286921435
24,4,1,0.2,3040,0.999997144869058
24,4,2,0.2,3040,0.999998477263498
24,4,3,0.2,3040,0.999997335211121
24,4,4,0.2,3040,0.999997715895247
24,4,5,0.2,3040,0.99999657384287
24,4,6,0.2,3040,0.999997144869058
24,4,7,0.2,3040,0.999998286921435
24,4,8,0.2,3040,0.999997335211121
24,4,9,0.2,3040,0.999998667605561
24,4,10,0.2,3040,0.999997525553184
24,5,1,0.2,3040,0.999996954526996
24,5,2,0.2,3040,0.999998477263498
24,5,3,0.2,3040,0.999998477263498
24,5,4,0.2,3040,0.999997906237309
24,5,5,0.2,3040,0.999997906237309
24,5,6,0.2,3040,0.999997525553184
24,5,7,0.2,3040,0.999996954526996
24,5,8,0.2,3040,0.999997335211121
24,5,9,0.2,3040,0.999999048289686
24,5,10,0.2,3040,0.999997335211121
25,1,1,0.0025,4020,0.829714661068834
25,1,2,0.0025,4020,0.831197616079869
25,1,3,0.0025,4020,0.830990714257639
25,1,4,0.0025,4020,0.831861338852746
25,1,5,0.0025,4020,0.834460269377798
25,1,6,0.0025,4020,0.828687194614005
25,1,7,0.0025,4020,0.830250854659655
25,1,8,0.0025,4020,0.830089254248363
25,1,9,0.0025,4020,0.832748903891439
25,1,10,0.0025,4020,0.832331293405723
25,2,1,0.0025,4020,0.832965132474745
25,2,2,0.0025,4020,0.833317455632931
25,2,3,0.0025,4020,0.832497652368583
25,2,4,0.0025,4020,0.83331326810755
25,2,5,0.0025,4020,0.832017609686279
25,2,6,0.0025,4020,0.83579589963225
25,2,7,0.0025,4020,0.834018866134236
25,2,8,0.0025,4020,0.834081298330824
25,2,9,0.0025,4020,0.835201842054347
25,2,10,0.0025,4020,0.833610392067533
25,3,1,0.0025,4020,0.838412531969139
25,3,2,0.0025,4020,0.836308490807287
25,3,3,0.0025,4020,0.836725149582689
25,3,4,0.0025,4020,0.838419574625462
25,3,5,0.0025,4020,0.839227005655729
25,3,6,0.0025,4020,0.836905593858195
25,3,7,0.0025,4020,0.836634927444937
25,3,8,0.0025,4020,0.837344332312878
25,3,9,0.0025,4020,0.839895296638112
25,3,10,0.0025,4020,0.840625258448832
25,4,1,0.0025,4020,0.822681331507445
25,4,2,0.0025,4020,0.826336089454679
25,4,3,0.0025,4020,0.825179190397167
25,4,4,0.0025,4020,0.824023623734095
25,4,5,0.0025,4020,0.825702821411845
25,4,6,0.0025,4020,0.823798449073838
25,4,7,0.0025,4020,0.824589510686707
25,4,8,0.0025,4020,0.823295755686065
25,4,9,0.0025,4020,0.822897179406626
25,4,10,0.0025,4020,0.824973620969376
25,5,1,0.0025,4020,0.8463100144955
25,5,2,0.0025,4020,0.844705050222229
25,5,3,0.0025,4020,0.846916063623357
25,5,4,0.0025,4020,0.846866003660849
25,5,5,0.0025,4020,0.847749000490036
25,5,6,0.0025,4020,0.842553804228811
25,5,7,0.0025,4020,0.845603274416438
25,5,8,0.0025,4020,0.846509112293157
25,5,9,0.0025,4020,0.846737142084354
25,5,10,0.0025,4020,0.844353488432294
26,1,1,0.042,4020,0.998129318207103
26,1,2,0.042,4020,0.998050516593117
26,1,3,0.042,4020,0.998168147987908
26,1,4,0.042,4020,0.998140548388807
26,1,5,0.042,4020,0.998036240938409
26,1,6,0.042,4020,0.998041189832041
26,1,7,0.042,4020,0.998183756037055
26,1,8,0.042,4020,0.998164531488716
26,1,9,0.042,4020,0.998201838533019
26,1,10,0.042,4020,0.998120752814279
26,2,1,0.042,4020,0.998122275550781
26,2,2,0.042,4020,0.998239526261447
26,2,3,0.042,4020,0.99801911015276
26,2,4,0.042,4020,0.998147400703066
26,2,5,0.042,4020,0.998208310163153
26,2,6,0.042,4020,0.99812703410235
26,2,7,0.042,4020,0.998128747180915
26,2,8,0.042,4020,0.998259321835975
26,2,9,0.042,4020,0.998111045369077
26,2,10,0.042,4020,0.998042712568543
26,3,1,0.042,4020,0.998582141974432
26,3,2,0.042,4020,0.998441669532108
26,3,3,0.042,4020,0.998468698105021
26,3,4,0.042,4020,0.998489445389863
26,3,5,0.042,4020,0.998368768522067
26,3,6,0.042,4020,0.99845556450269
26,3,7,0.042,4020,0.998613929098914
26,3,8,0.042,4020,0.998741077596844
26,3,9,0.042,4020,0.998653329905907
26,3,10,0.042,4020,0.998612787046537
26,4,1,0.042,4020,0.998204503321897
26,4,2,0.042,4020,0.998060985406569
26,4,3,0.042,4020,0.998266935518486
26,4,4,0.042,4020,0.998224489238488
26,4,5,0.042,4020,0.998280830489068
26,4,6,0.042,4020,0.998072976956524
26,4,7,0.042,4020,0.998158440542707
26,4,8,0.042,4020,0.998158440542707
26,4,9,0.042,4020,0.998234387025752
26,4,10,0.042,4020,0.998317185823057
26,5,1,0.042,4020,0.998801606372805
26,5,2,0.042,4020,0.998666844192364
26,5,3,0.042,4020,0.998761253855497
26,5,4,0.042,4020,0.998643812802769
26,5,5,0.042,4020,0.998680739162946
26,5,6,0.042,4020,0.998703960894604
26,5,7,0.042,4020,0.998880598328854
26,5,8,0.042,4020,0.99880750697675
26,5,9,0.042,4020,0.998721662706441
26,5,10,0.042,4020,0.998815691685449
27,1,1,0.0815,4020,0.999923101806641
27,1,2,0.0815,4020,0.999883700999648
27,1,3,0.0815,4020,0.99990996820431
27,1,4,0.0815,4020,0.999909206836059
27,1,5,0.0815,4020,0.999915107440005
27,1,6,0.0815,4020,0.999920056333637
27,1,7,0.0815,4020,0.99992234043839
27,1,8,0.0815,4020,0.999917391544758
27,1,9,0.0815,4020,0.999897215286104
27,1,10,0.0815,4020,0.999919865991574
27,2,1,0.0815,4020,0.999882368605209
27,2,2,0.0815,4020,0.999903306232113
27,2,3,0.0815,4020,0.99988179757902
27,2,4,0.0815,4020,0.999889791945657
27,2,5,0.0815,4020,0.999900070417046
27,2,6,0.0815,4020,0.999898547680544
27,2,7,0.0815,4020,0.999907493757494
27,2,8,0.0815,4020,0.999919865991574
27,2,9,0.0815,4020,0.999915297782067
27,2,10,0.0815,4020,0.999886365788527
27,3,1,0.0815,4020,0.999928621726461
27,3,2,0.0815,4020,0.999918152913009
27,3,3,0.0815,4020,0.999918152913009
27,3,4,0.0815,4020,0.99992234043839
27,3,5,0.0815,4020,0.999935283698658
27,3,6,0.0815,4020,0.999935093356596
27,3,7,0.0815,4020,0.999930334805027
27,3,8,0.0815,4020,0.999931667199466
27,3,9,0.0815,4020,0.999931667199466
27,3,10,0.0815,4020,0.999925005227269
27,4,1,0.0815,4020,0.999902925547988
27,4,2,0.0815,4020,0.999913965387628
27,4,3,0.0815,4020,0.999915678466193
27,4,4,0.0815,4020,0.99990102212736
27,4,5,0.0815,4020,0.999907113073369
27,4,6,0.0815,4020,0.999899499390858
27,4,7,0.0815,4020,0.999899880074983
27,4,8,0.0815,4020,0.999901402811486
27,4,9,0.0815,4020,0.999901402811486
27,4,10,0.0815,4020,0.999902544863862
27,5,1,0.0815,4020,0.999932047883591
27,5,2,0.0815,4020,0.999929954120901
27,5,3,0.0815,4020,0.999933760962156
27,5,4,0.0815,4020,0.999928241042336
27,5,5,0.0815,4020,0.999925576253457
27,5,6,0.0815,4020,0.999918533597135
27,5,7,0.0815,4020,0.999936616093098
27,5,8,0.0815,4020,0.999933760962156
27,5,9,0.0815,4020,0.999933570620094
27,5,10,0.0815,4020,0.999926908647897
28,1,1,0.121,4020,0.99998762776592
28,1,2,0.121,4020,0.999990863580987
28,1,3,0.121,4020,0.999993528369866
28,1,4,0.121,4020,0.999990673238924
28,1,5,0.121,4020,0.999992576659552
28,1,6,0.121,4020,0.999992576659552
28,1,7,0.121,4020,0.999991244265112
28,1,8,0.121,4020,0.999991624949238
28,1,9,0.121,4020,0.999989911870673
28,1,10,0.121,4020,0.999992005633364
28,2,1,0.121,4020,0.999987247081794
28,2,2,0.121,4020,0.999988579476234
28,2,3,0.121,4020,0.999986485713543
28,2,4,0.121,4020,0.999986866397669
28,2,5,0.121,4020,0.999986485713543
28,2,6,0.121,4020,0.999988389134171
28,2,7,0.121,4020,0.999988769818296
28,2,8,0.121,4020,0.999988008450046
28,2,9,0.121,4020,0.999988769818296
28,2,10,0.121,4020,0.999988769818296
28,3,1,0.121,4020,0.999991434607175
28,3,2,0.121,4020,0.999990292554799
28,3,3,0.121,4020,0.999990102212736
28,3,4,0.121,4020,0.999992386317489
28,3,5,0.121,4020,0.999992576659552
28,3,6,0.121,4020,0.99999105392305
28,3,7,0.121,4020,0.999992767001615
28,3,8,0.121,4020,0.999990673238924
28,3,9,0.121,4020,0.999991815291301
28,3,10,0.121,4020,0.999994289738117
28,4,1,0.121,4020,0.999991624949238
28,4,2,0.121,4020,0.999988769818296
28,4,3,0.121,4020,0.999989340844485
28,4,4,0.121,4020,0.999990673238924
28,4,5,0.121,4020,0.999989150502422
28,4,6,0.121,4020,0.999990863580987
28,4,7,0.121,4020,0.999991624949238
28,4,8,0.121,4020,0.999991434607175
28,4,9,0.121,4020,0.999990673238924
28,4,10,0.121,4020,0.999990863580987
28,5,1,0.121,4020,0.999994099396054
28,5,2,0.121,4020,0.999991815291301
28,5,3,0.121,4020,0.99999314768574
28,5,4,0.121,4020,0.999993909053991
28,5,5,0.121,4020,0.999993338027803
28,5,6,0.121,4020,0.999991434607175
28,5,7,0.121,4020,0.999994099396054
28,5,8,0.121,4020,0.999991624949238
28,5,9,0.121,4020,0.999992195975426
28,5,10,0.121,4020,0.999992576659552
29,1,1,0.1605,4020,0.999998096579372
29,1,2,0.1605,4020,0.999997335211121
29,1,3,0.1605,4020,0.999997525553184
29,1,4,0.1605,4020,0.999997715895247
29,1,5,0.1605,4020,0.999997525553184
29,1,6,0.1605,4020,0.999997525553184
29,1,7,0.1605,4020,0.999997715895247
29,1,8,0.1605,4020,0.999998096579372
29,1,9,0.1605,4020,0.999997335211121
29,1,10,0.1605,4020,0.999998096579372
29,2,1,0.1605,4020,0.999998667605561
29,2,2,0.1605,4020,0.999998286921435
29,2,3,0.1605,4020,0.999998477263498
29,2,4,0.1605,4020,0.999997525553184
29,2,5,0.1605,4020,0.999998667605561
29,2,6,0.1605,4020,0.999998477263498
29,2,7,0.1605,4020,0.999998667605561
29,2,8,0.1605,4020,0.999997715895247
29,2,9,0.1605,4020,0.999998286921435
29,2,10,0.1605,4020,0.999998477263498
29,3,1,0.1605,4020,0.999999048289686
29,3,2,0.1605,4020,0.999998096579372
29,3,3,0.1605,4020,0.999998286921435
29,3,4,0.1605,4020,0.999998286921435
29,3,5,0.1605,4020,0.999998857947623
29,3,6,0.1605,4020,0.999997715895247
29,3,7,0.1605,4020,0.999998477263498
29,3,8,0.1605,4020,0.999998477263498
29,3,9,0.1605,4020,0.999998667605561
29,3,10,0.1605,4020,0.999998286921435
29,4,1,0.1605,4020,0.999998477263498
29,4,2,0.1605,4020,0.999998857947623
29,4,3,0.1605,4020,0.999999238631749
29,4,4,0.1605,4020,0.999998857947623
29,4,5,0.1605,4020,0.999998286921435
29,4,6,0.1605,4020,0.999997715895247
29,4,7,0.1605,4020,0.999998667605561
29,4,8,0.1605,4020,0.999998667605561
29,4,9,0.1605,4020,0.999999048289686
29,4,10,0.1605,4020,0.999998096579372
29,5,1,0.1605,4020,0.999998096579372
29,5,2,0.1605,4020,0.999998477263498
29,5,3,0.1605,4020,0.999999048289686
29,5,4,0.1605,4020,0.999997906237309
29,5,5,0.1605,4020,0.999998667605561
29,5,6,0.1605,4020,0.999999048289686
29,5,7,0.1605,4020,0.999998857947623
29,5,8,0.1605,4020,0.999999048289686
29,5,9,0.1605,4020,0.999998667605561
29,5,10,0.1605,4020,0.999998667605561
3,1,1,0.0815,100,0.765294722319006
3,1,2,0.0815,100,0.786359878405683
3,1,3,0.0815,100,0.784836190193215
3,1,4,0.0815,100,0.772467001586216
3,1,5,0.0815,100,0.774566284196498
3,1,6,0.0815,100,0.764434566537351
3,1,7,0.0815,100,0.770020154369316
3,1,8,0.0815,100,0.773627707484983
3,1,9,0.0815,100,0.768432891907883
3,1,10,0.0815,100,0.776545841649299
3,2,1,0.0815,100,0.792478043329277
3,2,2,0.0815,100,0.77977708850687
3,2,3,0.0815,100,0.786265659084613
3,2,4,0.0815,100,0.789161523227585
3,2,5,0.0815,100,0.804972286671516
3,2,6,0.0815,100,0.777402380931761
3,2,7,0.0815,100,0.780913049937477
3,2,8,0.0815,100,0.802809049128143
3,2,9,0.0815,100,0.775188131715566
3,2,10,0.0815,100,0.781083977109844
3,3,1,0.0815,100,0.783510077041902
3,3,2,0.0815,100,0.778514930288647
3,3,3,0.0815,100,0.782466431511738
3,3,4,0.0815,100,0.791560594586729
3,3,5,0.0815,100,0.782268475766458
3,3,6,0.0815,100,0.776838778083901
3,3,7,0.0815,100,0.785828253024369
3,3,8,0.0815,100,0.783657592140548
3,3,9,0.0815,100,0.784385840872703
3,3,10,0.0815,100,0.783801681082064
3,4,1,0.0815,100,0.766071317935105
3,4,2,0.0815,100,0.769902142290399
3,4,3,0.0815,100,0.765159769796503
3,4,4,0.0815,100,0.773510266432254
3,4,5,0.0815,100,0.782187961073906
3,4,6,0.0815,100,0.776024685081437
3,4,7,0.0815,100,0.768425658909498
3,4,8,0.0815,100,0.760797891086081
3,4,9,0.0815,100,0.767425221027582
3,4,10,0.0815,100,0.751857524397808
3,5,1,0.0815,100,0.797560176405217
3,5,2,0.0815,100,0.790555017469119
3,5,3,0.0815,100,0.796545653210657
3,5,4,0.0815,100,0.789171801698974
3,5,5,0.0815,100,0.790391894321325
3,5,6,0.0815,100,0.779316270372906
3,5,7,0.0815,100,0.796282790821972
3,5,8,0.0815,100,0.786776727523148
3,5,9,0.0815,100,0.791153643256528
3,5,10,0.0815,100,0.798157850482313
30,1,1,0.2,4020,0.999999428973812
30,1,2,0.2,4020,0.999999428973812
30,1,3,0.2,4020,0.999999619315874
30,1,4,0.2,4020,0.999999048289686
30,1,5,0.2,4020,0.999999238631749
30,1,6,0.2,4020,0.999999428973812
30,1,7,0.2,4020,0.999999048289686
30,1,8,0.2,4020,0.999999428973812
30,1,9,0.2,4020,0.999999048289686
30,1,10,0.2,4020,0.999999428973812
30,2,1,0.2,4020,0.999999619315874
30,2,2,0.2,4020,0.999999428973812
30,2,3,0.2,4020,0.999999238631749
30,2,4,0.2,4020,0.999999428973812
30,2,5,0.2,4020,0.999999809657937
30,2,6,0.2,4020,0.999999238631749
30,2,7,0.2,4020,0.999999809657937
30,2,8,0.2,4020,0.999999428973812
30,2,9,0.2,4020,0.999999619315874
30,2,10,0.2,4020,0.999999619315874
30,3,1,0.2,4020,0.999999809657937
30,3,2,0.2,4020,1
30,3,3,0.2,4020,0.999999809657937
30,3,4,0.2,4020,0.999999619315874
30,3,5,0.2,4020,0.999999619315874
30,3,6,0.2,4020,0.999999619315874
30,3,7,0.2,4020,0.999999619315874
30,3,8,0.2,4020,0.999999809657937
30,3,9,0.2,4020,0.999999619315874
30,3,10,0.2,4020,0.999999619315874
30,4,1,0.2,4020,0.999998857947623
30,4,2,0.2,4020,0.999999428973812
30,4,3,0.2,4020,0.999999428973812
30,4,4,0.2,4020,0.999999619315874
30,4,5,0.2,4020,0.999999619315874
30,4,6,0.2,4020,0.999999048289686
30,4,7,0.2,4020,0.999999428973812
30,4,8,0.2,4020,0.999999048289686
30,4,9,0.2,4020,0.999999238631749
30,4,10,0.2,4020,0.999999238631749
30,5,1,0.2,4020,0.999999428973812
30,5,2,0.2,4020,0.999999238631749
30,5,3,0.2,4020,0.999999619315874
30,5,4,0.2,4020,0.999999619315874
30,5,5,0.2,4020,0.999999428973812
30,5,6,0.2,4020,0.999999809657937
30,5,7,0.2,4020,0.999999619315874
30,5,8,0.2,4020,0.999999619315874
30,5,9,0.2,4020,0.999999428973812
30,5,10,0.2,4020,0.999999619315874
31,1,1,0.0025,5000,0.851983350018401
31,1,2,0.0025,5000,0.853835378289147
31,1,3,0.0025,5000,0.853830619737577
31,1,4,0.0025,5000,0.853933785135598
31,1,5,0.0025,5000,0.855265418206732
31,1,6,0.0025,5000,0.853057450278608
31,1,7,0.0025,5000,0.851756271937518
31,1,8,0.0025,5000,0.853876492174705
31,1,9,0.0025,5000,0.85418617871083
31,1,10,0.0025,5000,0.853369801603613
31,2,1,0.0025,5000,0.853696238241262
31,2,2,0.0025,5000,0.853186502197166
31,2,3,0.0025,5000,0.852095651835435
31,2,4,0.0025,5000,0.854937458832581
31,2,5,0.0025,5000,0.853820721950313
31,2,6,0.0025,5000,0.855802373165805
31,2,7,0.0025,5000,0.854873313557427
31,2,8,0.0025,5000,0.855795330509482
31,2,9,0.0025,5000,0.853741920336327
31,2,10,0.0025,5000,0.85392084187533
31,3,1,0.0025,5000,0.858512273113451
31,3,2,0.0025,5000,0.857684856166593
31,3,3,0.0025,5000,0.858301564449965
31,3,4,0.0025,5000,0.859389559680755
31,3,5,0.0025,5000,0.86063953600696
31,3,6,0.0025,5000,0.859660606778138
31,3,7,0.0025,5000,0.857725970052151
31,3,8,0.0025,5000,0.85956448403644
31,3,9,0.0025,5000,0.860543413265262
31,3,10,0.0025,5000,0.861726008501248
31,4,1,0.0025,5000,0.846929197225688
31,4,2,0.0025,5000,0.850214881913212
31,4,3,0.0025,5000,0.84749908136162
31,4,4,0.0025,5000,0.84569559031688
31,4,5,0.0025,5000,0.848710037564958
31,4,6,0.0025,5000,0.847318827428177
31,4,7,0.0025,5000,0.847965229073342
31,4,8,0.0025,5000,0.847508788806821
31,4,9,0.0025,5000,0.847267244729167
31,4,10,0.0025,5000,0.848542346207658
31,5,1,0.0025,5000,0.866377778173266
31,5,2,0.0025,5000,0.865268845315572
31,5,3,0.0025,5000,0.865553977725601
31,5,4,0.0025,5000,0.866280513379191
31,5,5,0.0025,5000,0.867065484046052
31,5,6,0.0025,5000,0.863648463335217
31,5,7,0.0025,5000,0.865136367239885
31,5,8,0.0025,5000,0.865209648934051
31,5,9,0.0025,5000,0.865905920199661
31,5,10,0.0025,5000,0.866549466713884
32,1,1,0.042,5000,0.999270228531343
32,1,2,0.042,5000,0.999216171385516
32,1,3,0.042,5000,0.999296495736005
32,1,4,0.042,5000,0.999268896136903
32,1,5,0.042,5000,0.999243580642555
32,1,6,0.042,5000,0.999259569375828
32,1,7,0.042,5000,0.999292498552686
32,1,8,0.042,5000,0.999327902176362
32,1,9,0.042,5000,0.999282791107485
32,1,10,0.042,5000,0.999259569375828
32,2,1,0.042,5000,0.999256904586949
32,2,2,0.042,5000,0.999326950466048
32,2,3,0.042,5000,0.999278222897979
32,2,4,0.042,5000,0.99928583658049
32,2,5,0.042,5000,0.999336086885061
32,2,6,0.042,5000,0.999265089295648
32,2,7,0.042,5000,0.999260711428204
32,2,8,0.042,5000,0.999345223304074
32,2,9,0.042,5000,0.999228543619596
32,2,10,0.042,5000,0.999217694122018
32,3,1,0.042,5000,0.999440965361647
32,3,2,0.042,5000,0.999356834169903
32,3,3,0.042,5000,0.999368254693669
32,3,4,0.042,5000,0.999419456708554
32,3,5,0.042,5000,0.999310390706587
32,3,6,0.042,5000,0.999441346045772
32,3,7,0.042,5000,0.999462093330614
32,3,8,0.042,5000,0.999490454297966
32,3,9,0.042,5000,0.999422692523621
32,3,10,0.042,5000,0.999444010834651
32,4,1,0.042,5000,0.999273845030535
32,4,2,0.042,5000,0.999258046639325
32,4,3,0.042,5000,0.999246245431434
32,4,4,0.042,5000,0.999244913036994
32,4,5,0.042,5000,0.999286217264615
32,4,6,0.042,5000,0.999215981043453
32,4,7,0.042,5000,0.999301825313762
32,4,8,0.042,5000,0.999239393117174
32,4,9,0.042,5000,0.999253478429819
32,4,10,0.042,5000,0.999325808413671
32,5,1,0.042,5000,0.999560690519128
32,5,2,0.042,5000,0.999509107820118
32,5,3,0.042,5000,0.999513866371687
32,5,4,0.042,5000,0.999461712646488
32,5,5,0.042,5000,0.999454289306041
32,5,6,0.042,5000,0.999492167376532
32,5,7,0.042,5000,0.999574395147648
32,5,8,0.042,5000,0.99954432110173
32,5,9,0.042,5000,0.999459809225861
32,5,10,0.042,5000,0.999486457114648
33,1,1,0.0815,5000,0.999978110662781
33,1,2,0.0815,5000,0.999972400400899
33,1,3,0.0815,5000,0.999972971427087
33,1,4,0.0815,5000,0.999976587926279
33,1,5,0.0815,5000,0.999977349294531
33,1,6,0.0815,5000,0.999978491346907
33,1,7,0.0815,5000,0.999979062373095
33,1,8,0.0815,5000,0.999976207242154
33,1,9,0.0815,5000,0.999975445873903
33,1,10,0.0815,5000,0.999977539636593
33,2,1,0.0815,5000,0.99996497706045
33,2,2,0.0815,5000,0.99996973561202
33,2,3,0.0815,5000,0.999968022533455
33,2,4,0.0815,5000,0.999967261165204
33,2,5,0.0815,5000,0.999968783901706
33,2,6,0.0815,5000,0.999971258348522
33,2,7,0.0815,5000,0.999972590742961
33,2,8,0.0815,5000,0.99996973561202
33,2,9,0.0815,5000,0.999973732795338
33,2,10,0.0815,5000,0.999961170219195
33,3,1,0.0815,5000,0.99997182937471
33,3,2,0.0815,5000,0.999974113479463
33,3,3,0.0815,5000,0.99997525553184
33,3,4,0.0815,5000,0.999974494163589
33,3,5,0.0815,5000,0.99997525553184
33,3,6,0.0815,5000,0.99997868168897
33,3,7,0.0815,5000,0.999976397584217
33,3,8,0.0815,5000,0.99998077545166
33,3,9,0.0815,5000,0.999979823741347
33,3,10,0.0815,5000,0.999977920320719
33,4,1,0.0815,5000,0.999974684505652
33,4,2,0.0815,5000,0.999971448690584
33,4,3,0.0815,5000,0.999975826558028
33,4,4,0.0815,5000,0.999967261165204
33,4,5,0.0815,5000,0.999977920320719
33,4,6,0.0815,5000,0.99996840321758
33,4,7,0.0815,5000,0.999969545269957
33,4,8,0.0815,5000,0.999974113479463
33,4,9,0.0815,5000,0.999968783901706
33,4,10,0.0815,5000,0.999970116296145
33,5,1,0.0815,5000,0.999980014083409
33,5,2,0.0815,5000,0.999980204425472
33,5,3,0.0815,5000,0.999976968610405
33,5,4,0.0815,5000,0.999979252715158
33,5,5,0.0815,5000,0.999974494163589
33,5,6,0.0815,5000,0.999976587926279
33,5,7,0.0815,5000,0.999981536819911
33,5,8,0.0815,5000,0.999978491346907
33,5,9,0.0815,5000,0.999977729978656
33,5,10,0.0815,5000,0.999980965793723
34,1,1,0.121,5000,0.999996764184933
34,1,2,0.121,5000,0.999996954526996
34,1,3,0.121,5000,0.999997335211121
34,1,4,0.121,5000,0.999997144869058
34,1,5,0.121,5000,0.999997335211121
34,1,6,0.121,5000,0.999997144869058
34,1,7,0.121,5000,0.999997144869058
34,1,8,0.121,5000,0.999997525553184
34,1,9,0.121,5000,0.999996954526996
34,1,10,0.121,5000,0.999997525553184
34,2,1,0.121,5000,0.999996193158745
34,2,2,0.121,5000,0.999997525553184
34,2,3,0.121,5000,0.999997525553184
34,2,4,0.121,5000,0.999995812474619
34,2,5,0.121,5000,0.999996764184933
34,2,6,0.121,5000,0.999996764184933
34,2,7,0.121,5000,0.999996002816682
34,2,8,0.121,5000,0.999997144869058
34,2,9,0.121,5000,0.999996383500807
34,2,10,0.121,5000,0.999997906237309
34,3,1,0.121,5000,0.999997144869058
34,3,2,0.121,5000,0.999998477263498
34,3,3,0.121,5000,0.999997715895247
34,3,4,0.121,5000,0.999997525553184
34,3,5,0.121,5000,0.999998286921435
34,3,6,0.121,5000,0.999998096579372
34,3,7,0.121,5000,0.999998667605561
34,3,8,0.121,5000,0.999996954526996
34,3,9,0.121,5000,0.999997525553184
34,3,10,0.121,5000,0.999998477263498
34,4,1,0.121,5000,0.999998477263498
34,4,2,0.121,5000,0.999997144869058
34,4,3,0.121,5000,0.999997144869058
34,4,4,0.121,5000,0.999997906237309
34,4,5,0.121,5000,0.999997335211121
34,4,6,0.121,5000,0.999996764184933
34,4,7,0.121,5000,0.999997715895247
34,4,8,0.121,5000,0.999997525553184
34,4,9,0.121,5000,0.999997906237309
34,4,10,0.121,5000,0.999996954526996
34,5,1,0.121,5000,0.999997906237309
34,5,2,0.121,5000,0.999997525553184
34,5,3,0.121,5000,0.999998667605561
34,5,4,0.121,5000,0.999997335211121
34,5,5,0.121,5000,0.999998857947623
34,5,6,0.121,5000,0.999997715895247
34,5,7,0.121,5000,0.999998096579372
34,5,8,0.121,5000,0.999997906237309
34,5,9,0.121,5000,0.999997335211121
34,5,10,0.121,5000,0.999997715895247
35,1,1,0.1605,5000,0.999999238631749
35,1,2,0.1605,5000,0.999999619315874
35,1,3,0.1605,5000,0.999999619315874
35,1,4,0.1605,5000,0.999998667605561
35,1,5,0.1605,5000,0.999999428973812
35,1,6,0.1605,5000,0.999999619315874
35,1,7,0.1605,5000,0.999999428973812
35,1,8,0.1605,5000,0.999999619315874
35,1,9,0.1605,5000,0.999999619315874
35,1,10,0.1605,5000,0.999999619315874
35,2,1,0.1605,5000,0.999999619315874
35,2,2,0.1605,5000,0.999999428973812
35,2,3,0.1605,5000,0.999999619315874
35,2,4,0.1605,5000,0.999999238631749
35,2,5,0.1605,5000,0.999999619315874
35,2,6,0.1605,5000,0.999999619315874
35,2,7,0.1605,5000,0.999999428973812
35,2,8,0.1605,5000,0.999999238631749
35,2,9,0.1605,5000,0.999999428973812
35,2,10,0.1605,5000,0.999999428973812
35,3,1,0.1605,5000,0.999999809657937
35,3,2,0.1605,5000,1
35,3,3,0.1605,5000,0.999999809657937
35,3,4,0.1605,5000,0.999999619315874
35,3,5,0.1605,5000,0.999999619315874
35,3,6,0.1605,5000,0.999999619315874
35,3,7,0.1605,5000,0.999999619315874
35,3,8,0.1605,5000,0.999999619315874
35,3,9,0.1605,5000,0.999999619315874
35,3,10,0.1605,5000,0.999999619315874
35,4,1,0.1605,5000,0.999999238631749
35,4,2,0.1605,5000,0.999999428973812
35,4,3,0.1605,5000,0.999999619315874
35,4,4,0.1605,5000,0.999999238631749
35,4,5,0.1605,5000,0.999999428973812
35,4,6,0.1605,5000,0.999999048289686
35,4,7,0.1605,5000,0.999999238631749
35,4,8,0.1605,5000,0.999999238631749
35,4,9,0.1605,5000,0.999999238631749
35,4,10,0.1605,5000,0.999999238631749
35,5,1,0.1605,5000,0.999999619315874
35,5,2,0.1605,5000,0.999999428973812
35,5,3,0.1605,5000,0.999999238631749
35,5,4,0.1605,5000,0.999999048289686
35,5,5,0.1605,5000,0.999999619315874
35,5,6,0.1605,5000,1
35,5,7,0.1605,5000,0.999999619315874
35,5,8,0.1605,5000,0.999999619315874
35,5,9,0.1605,5000,0.999999619315874
35,5,10,0.1605,5000,0.999999619315874
36,1,1,0.2,5000,0.999999619315874
36,1,2,0.2,5000,0.999999619315874
36,1,3,0.2,5000,0.999999619315874
36,1,4,0.2,5000,0.999999809657937
36,1,5,0.2,5000,0.999999809657937
36,1,6,0.2,5000,0.999999619315874
36,1,7,0.2,5000,0.999999619315874
36,1,8,0.2,5000,0.999999809657937
36,1,9,0.2,5000,0.999999619315874
36,1,10,0.2,5000,0.999999619315874
36,2,1,0.2,5000,0.999999809657937
36,2,2,0.2,5000,0.999999809657937
36,2,3,0.2,5000,0.999999619315874
36,2,4,0.2,5000,0.999999809657937
36,2,5,0.2,5000,0.999999809657937
36,2,6,0.2,5000,0.999999619315874
36,2,7,0.2,5000,0.999999809657937
36,2,8,0.2,5000,0.999999809657937
36,2,9,0.2,5000,0.999999809657937
36,2,10,0.2,5000,0.999999809657937
36,3,1,0.2,5000,1
36,3,2,0.2,5000,1
36,3,3,0.2,5000,1
36,3,4,0.2,5000,0.999999809657937
36,3,5,0.2,5000,0.999999809657937
36,3,6,0.2,5000,0.999999809657937
36,3,7,0.2,5000,1
36,3,8,0.2,5000,0.999999809657937
36,3,9,0.2,5000,0.999999809657937
36,3,10,0.2,5000,1
36,4,1,0.2,5000,0.999999809657937
36,4,2,0.2,5000,0.999999809657937
36,4,3,0.2,5000,0.999999619315874
36,4,4,0.2,5000,0.999999619315874
36,4,5,0.2,5000,0.999999809657937
36,4,6,0.2,5000,0.999999619315874
36,4,7,0.2,5000,1
36,4,8,0.2,5000,0.999999809657937
36,4,9,0.2,5000,0.999999809657937
36,4,10,0.2,5000,1
36,5,1,0.2,5000,0.999999809657937
36,5,2,0.2,5000,1
36,5,3,0.2,5000,1
36,5,4,0.2,5000,0.999999619315874
36,5,5,0.2,5000,0.999999619315874
36,5,6,0.2,5000,1
36,5,7,0.2,5000,0.999999809657937
36,5,8,0.2,5000,1
36,5,9,0.2,5000,0.999999619315874
36,5,10,0.2,5000,0.999999809657937
4,1,1,0.121,100,0.796011934066652
4,1,2,0.121,100,0.812551707610989
4,1,3,0.121,100,0.827674194155947
4,1,4,0.121,100,0.788366464431397
4,1,5,0.121,100,0.815215544779445
4,1,6,0.121,100,0.806041057353966
4,1,7,0.121,100,0.811360166298053
4,1,8,0.121,100,0.807486895662761
4,1,9,0.121,100,0.792289985371261
4,1,10,0.121,100,0.806663285557158
4,2,1,0.121,100,0.812696748262819
4,2,2,0.121,100,0.811827265720089
4,2,3,0.121,100,0.822118299685774
4,2,4,0.121,100,0.812597580048117
4,2,5,0.121,100,0.835490590963568
4,2,6,0.121,100,0.817358225380039
4,2,7,0.121,100,0.819379658086649
4,2,8,0.121,100,0.827229555097318
4,2,9,0.121,100,0.795670841090169
4,2,10,0.121,100,0.818891811379772
4,3,1,0.121,100,0.815759732736903
4,3,2,0.121,100,0.82419036338108
4,3,3,0.121,100,0.828626856180107
4,3,4,0.121,100,0.817862631846378
4,3,5,0.121,100,0.821974972112509
4,3,6,0.121,100,0.807567410355313
4,3,7,0.121,100,0.827215850468798
4,3,8,0.121,100,0.813115120116786
4,3,9,0.121,100,0.821989628451342
4,3,10,0.121,100,0.823498660324977
4,4,1,0.121,100,0.805917335013166
4,4,2,0.121,100,0.794531643844495
4,4,3,0.121,100,0.79747585487141
4,4,4,0.121,100,0.804500999724099
4,4,5,0.121,100,0.821342465437926
4,4,6,0.121,100,0.800828920649154
4,4,7,0.121,100,0.799669166460701
4,4,8,0.121,100,0.808220473972674
4,4,9,0.121,100,0.796979823455833
4,4,10,0.121,100,0.800392656641287
4,5,1,0.121,100,0.832563891406427
4,5,2,0.121,100,0.826962124499127
4,5,3,0.121,100,0.835650287954231
4,5,4,0.121,100,0.821392715742497
4,5,5,0.121,100,0.820972440467903
4,5,6,0.121,100,0.827630034797384
4,5,7,0.121,100,0.840686358250981
4,5,8,0.121,100,0.804494147409839
4,5,9,0.121,100,0.829976000721016
4,5,10,0.121,100,0.826922723692134
5,1,1,0.1605,100,0.818546721219971
5,1,2,0.1605,100,0.837786116240565
5,1,3,0.1605,100,0.849527366382489
5,1,4,0.1605,100,0.840218687802757
5,1,5,0.1605,100,0.829427244554052
5,1,6,0.1605,100,0.83757198141995
5,1,7,0.1605,100,0.846045248686188
5,1,8,0.1605,100,0.833355333703422
5,1,9,0.1605,100,0.813575938250751
5,1,10,0.1605,100,0.818271105913081
5,2,1,0.1605,100,0.829561055024179
5,2,2,0.1605,100,0.820241336604806
5,2,3,0.1605,100,0.846959842297794
5,2,4,0.1605,100,0.840607746979057
5,2,5,0.1605,100,0.843770090009906
5,2,6,0.1605,100,0.839575331630597
5,2,7,0.1605,100,0.838360187901878
5,2,8,0.1605,100,0.842088608227403
5,2,9,0.1605,100,0.824546493380522
5,2,10,0.1605,100,0.846783014521482
5,3,1,0.1605,100,0.848439942177888
5,3,2,0.1605,100,0.84717949703823
5,3,3,0.1605,100,0.854603408512421
5,3,4,0.1605,100,0.84076535020703
5,3,5,0.1605,100,0.834178182440773
5,3,6,0.1605,100,0.838951771032965
5,3,7,0.1605,100,0.847384114755707
5,3,8,0.1605,100,0.827429985289414
5,3,9,0.1605,100,0.848411771552599
5,3,10,0.1605,100,0.843842991019947
5,4,1,0.1605,100,0.843517315750549
5,4,2,0.1605,100,0.832415043913342
5,4,3,0.1605,100,0.818902470535287
5,4,4,0.1605,100,0.838235323508701
5,4,5,0.1605,100,0.841964885886602
5,4,6,0.1605,100,0.843097801844205
5,4,7,0.1605,100,0.846228738434697
5,4,8,0.1605,100,0.843109032025909
5,4,9,0.1605,100,0.831699357757329
5,4,10,0.1605,100,0.825828637515336
5,5,1,0.1605,100,0.85678149273669
5,5,2,0.1605,100,0.842675813491046
5,5,3,0.1605,100,0.858379795037763
5,5,4,0.1605,100,0.850694353569328
5,5,5,0.1605,100,0.840803228277521
5,5,6,0.1605,100,0.859499006366847
5,5,7,0.1605,100,0.858299661029338
5,5,8,0.1605,100,0.828010718922923
5,5,9,0.1605,100,0.847300554590151
5,5,10,0.1605,100,0.840086971095321
6,1,1,0.2,100,0.860077455895603
6,1,2,0.2,100,0.849871314489913
6,1,3,0.2,100,0.856322197339227
6,1,4,0.2,100,0.842483948691774
6,1,5,0.2,100,0.858389312140902
6,1,6,0.2,100,0.831305540029459
6,1,7,0.2,100,0.85382529015982
6,1,8,0.2,100,0.848942825907725
6,1,9,0.2,100,0.845225635763903
6,1,10,0.2,100,0.855595281001511
6,2,1,0.2,100,0.849022579232025
6,2,2,0.2,100,0.854881117582001
6,2,3,0.2,100,0.870726903965482
6,2,4,0.2,100,0.855933138162927
6,2,5,0.2,100,0.874033906964035
6,2,6,0.2,100,0.847496797256866
6,2,7,0.2,100,0.85873973187846
6,2,8,0.2,100,0.85898165664024
6,2,9,0.2,100,0.856693745045753
6,2,10,0.2,100,0.867532202783962
6,3,1,0.2,100,0.854926609335003
6,3,2,0.2,100,0.855902493090821
6,3,3,0.2,100,0.866726865516385
6,3,4,0.2,100,0.860617646669742
6,3,5,0.2,100,0.859293627281119
6,3,6,0.2,100,0.862364796463901
6,3,7,0.2,100,0.865852434080023
6,3,8,0.2,100,0.864040187300397
6,3,9,0.2,100,0.874364721469129
6,3,10,0.2,100,0.873915514200993
6,4,1,0.2,100,0.854937839516706
6,4,2,0.2,100,0.859615686051324
6,4,3,0.2,100,0.837007617203839
6,4,4,0.2,100,0.851177822408762
6,4,5,0.2,100,0.859938125505656
6,4,6,0.2,100,0.85448787088032
6,4,7,0.2,100,0.858096756390425
6,4,8,0.2,100,0.848795120467016
6,4,9,0.2,100,0.84965660864311
6,4,10,0.2,100,0.852939247857629
6,5,1,0.2,100,0.860926381495554
6,5,2,0.2,100,0.870506297514732
6,5,3,0.2,100,0.871349132168675
6,5,4,0.2,100,0.862775554635357
6,5,5,0.2,100,0.853849844285917
6,5,6,0.2,100,0.876047916330198
6,5,7,0.2,100,0.866176205928794
6,5,8,0.2,100,0.848438800125512
6,5,9,0.2,100,0.859574572165766
6,5,10,0.2,100,0.870638394906294
7,1,1,0.0025,1080,0.673534430357123
7,1,2,0.0025,1080,0.675581178558081
7,1,3,0.0025,1080,0.673312872196059
7,1,4,0.0025,1080,0.669284092095484
7,1,5,0.0025,1080,0.676450280416685
7,1,6,0.0025,1080,0.675371421604909
7,1,7,0.0025,1080,0.677418169805867
7,1,8,0.0025,1080,0.676474834542783
7,1,9,0.0025,1080,0.676944598753697
7,1,10,0.0025,1080,0.671468076923699
7,2,1,0.0025,1080,0.700769334066404
7,2,2,0.0025,1080,0.7032228432555
7,2,3,0.0025,1080,0.70391702075842
7,2,4,0.0025,1080,0.701035622612218
7,2,5,0.0025,1080,0.703443259364187
7,2,6,0.0025,1080,0.701176285396605
7,2,7,0.0025,1080,0.701512810163581
7,2,8,0.0025,1080,0.701262700693102
7,2,9,0.0025,1080,0.694932114027458
7,2,10,0.0025,1080,0.700089622560255
7,3,1,0.0025,1080,0.696244903234378
7,3,2,0.0025,1080,0.706377382261776
7,3,3,0.0025,1080,0.703549470235212
7,3,4,0.0025,1080,0.703770457370088
7,3,5,0.0025,1080,0.702066895908302
7,3,6,0.0025,1080,0.704308364039474
7,3,7,0.0025,1080,0.70280561345391
7,3,8,0.0025,1080,0.699635276056425
7,3,9,0.0025,1080,0.707993957400875
7,3,10,0.0025,1080,0.706489874420872
7,4,1,0.0025,1080,0.693069236259135
7,4,2,0.0025,1080,0.696039714490713
7,4,3,0.0025,1080,0.695953299194215
7,4,4,0.0025,1080,0.685710231428349
7,4,5,0.0025,1080,0.686653186007308
7,4,6,0.0025,1080,0.693445732859293
7,4,7,0.0025,1080,0.6935658387009
7,4,8,0.0025,1080,0.695038705582609
7,4,9,0.0025,1080,0.688480089125768
7,4,10,0.0025,1080,0.69607112093107
7,5,1,0.0025,1080,0.732241061750867
7,5,2,0.0025,1080,0.731821167160398
7,5,3,0.0025,1080,0.734970947615104
7,5,4,0.0025,1080,0.733540717355456
7,5,5,0.0025,1080,0.734023234484576
7,5,6,0.0025,1080,0.727837878812825
7,5,7,0.0025,1080,0.736162679270103
7,5,8,0.0025,1080,0.732691982097568
7,5,9,0.0025,1080,0.735186795514285
7,5,10,0.0025,1080,0.73649311309107
8,1,1,0.042,1080,0.959187045243071
8,1,2,0.042,1080,0.958664746622832
8,1,3,0.042,1080,0.960389436053585
8,1,4,0.042,1080,0.958869554682372
8,1,5,0.042,1080,0.957468256416264
8,1,6,0.042,1080,0.958896392913223
8,1,7,0.042,1080,0.960304162809464
8,1,8,0.042,1080,0.957820008548262
8,1,9,0.042,1080,0.958962251266941
8,1,10,0.042,1080,0.957818295469697
8,2,1,0.042,1080,0.954655000728534
8,2,2,0.042,1080,0.95439765825967
8,2,3,0.042,1080,0.954544221648002
8,2,4,0.042,1080,0.95674628897218
8,2,5,0.042,1080,0.956779979517291
8,2,6,0.042,1080,0.95657098393237
8,2,7,0.042,1080,0.954551835330513
8,2,8,0.042,1080,0.955630313458164
8,2,9,0.042,1080,0.954606463502528
8,2,10,0.042,1080,0.953654753188682
8,3,1,0.042,1080,0.960310444097535
8,3,2,0.042,1080,0.958126649611383
8,3,3,0.042,1080,0.959855907251642
8,3,4,0.042,1080,0.961289563668421
8,3,5,0.042,1080,0.960123528191896
8,3,6,0.042,1080,0.960350035246591
8,3,7,0.042,1080,0.961061153193097
8,3,8,0.042,1080,0.963988614118489
8,3,9,0.042,1080,0.963153202804995
8,3,10,0.042,1080,0.961298890429496
8,4,1,0.042,1080,0.958148729290665
8,4,2,0.042,1080,0.95688028978437
8,4,3,0.042,1080,0.957223095839417
8,4,4,0.042,1080,0.956872295417734
8,4,5,0.042,1080,0.958353347008142
8,4,6,0.042,1080,0.95838970234213
8,4,7,0.042,1080,0.955776115478245
8,4,8,0.042,1080,0.957440847159226
8,4,9,0.042,1080,0.960278276288927
8,4,10,0.042,1080,0.95675104752375
8,5,1,0.042,1080,0.964453810119897
8,5,2,0.042,1080,0.963242092548308
8,5,3,0.042,1080,0.964432491808867
8,5,4,0.042,1080,0.965069947377082
8,5,5,0.042,1080,0.963021486097558
8,5,6,0.042,1080,0.963003974627784
8,5,7,0.042,1080,0.964859809739784
8,5,8,0.042,1080,0.96584311683605
8,5,9,0.042,1080,0.963827204049261
8,5,10,0.042,1080,0.965792866531479
9,1,1,0.0815,1080,0.987590649217756
9,1,2,0.0815,1080,0.986558233869295
9,1,3,0.0815,1080,0.987204825856523
9,1,4,0.0815,1080,0.987702189666539
9,1,5,0.0815,1080,0.986645410534044
9,1,6,0.0815,1080,0.98732493169813
9,1,7,0.0815,1080,0.986786834686681
9,1,8,0.0815,1080,0.986726686594846
9,1,9,0.0815,1080,0.98752840736323
9,1,10,0.0815,1080,0.987196831489886
9,2,1,0.0815,1080,0.985247538425066
9,2,2,0.0815,1080,0.986701751784623
9,2,3,0.0815,1080,0.986573080550191
9,2,4,0.0815,1080,0.985262765790088
9,2,5,0.0815,1080,0.985558938039757
9,2,6,0.0815,1080,0.98612691875506
9,2,7,0.0815,1080,0.986288519166351
9,2,8,0.0815,1080,0.986897804109276
9,2,9,0.0815,1080,0.986961759042366
9,2,10,0.0815,1080,0.985076040226511
9,3,1,0.0815,1080,0.987310846385485
9,3,2,0.0815,1080,0.987890247624555
9,3,3,0.0815,1080,0.98900203561319
9,3,4,0.0815,1080,0.98874012493482
9,3,5,0.0815,1080,0.988288633561931
9,3,6,0.0815,1080,0.987585129297936
9,3,7,0.0815,1080,0.988027293909749
9,3,8,0.0815,1080,0.988818165180555
9,3,9,0.0815,1080,0.988407216667036
9,3,10,0.0815,1080,0.987490529292739
9,4,1,0.0815,1080,0.988082493107952
9,4,2,0.0815,1080,0.988532271402276
9,4,3,0.0815,1080,0.987605686240715
9,4,4,0.0815,1080,0.987422386834268
9,4,5,0.0815,1080,0.987985989682128
9,4,6,0.0815,1080,0.987589887849505
9,4,7,0.0815,1080,0.98670080007431
9,4,8,0.0815,1080,0.987643373969143
9,4,9,0.0815,1080,0.98865009313913
9,4,10,0.0815,1080,0.987578467325739
9,5,1,0.0815,1080,0.990163122196083
9,5,2,0.0815,1080,0.989446103645631
9,5,3,0.0815,1080,0.989850961213141
9,5,4,0.0815,1080,0.989598567637909
9,5,5,0.0815,1080,0.989577820353067
9,5,6,0.0815,1080,0.989977158000757
9,5,7,0.0815,1080,0.990317299266926
9,5,8,0.0815,1080,0.989986865445959
9,5,9,0.0815,1080,0.989280506051022
9,5,10,0.0815,1080,0.989103487932646
