"model_number","subset","iteration","eta","nround","correlation"
"1",1,1,0.0025,100,0.429113135877277
"1",1,2,0.0025,100,0.446905092046363
"1",1,3,0.0025,100,0.448003060702348
"1",1,4,0.0025,100,0.522555536584797
"1",1,5,0.0025,100,0.434391037235941
"1",1,6,0.0025,100,0.457726544214254
"1",1,7,0.0025,100,0.473855826444577
"1",1,8,0.0025,100,0.433933793606919
"1",1,9,0.0025,100,0.454198400269557
"1",1,10,0.0025,100,0.514924793230218
"1",2,1,0.0025,100,0.487737473742906
"1",2,2,0.0025,100,0.51521304178132
"1",2,3,0.0025,100,0.474357540724869
"1",2,4,0.0025,100,0.49993171474607
"1",2,5,0.0025,100,0.518014633227154
"1",2,6,0.0025,100,0.529312159805145
"1",2,7,0.0025,100,0.514343205759881
"1",2,8,0.0025,100,0.526648327503028
"1",2,9,0.0025,100,0.532478386294711
"1",2,10,0.0025,100,0.509049719064608
"1",3,1,0.0025,100,0.471427876000428
"1",3,2,0.0025,100,0.47157830621579
"1",3,3,0.0025,100,0.476175280544097
"1",3,4,0.0025,100,0.482926702993749
"1",3,5,0.0025,100,0.49216874980389
"1",3,6,0.0025,100,0.488279512569919
"1",3,7,0.0025,100,0.508668178363475
"1",3,8,0.0025,100,0.462986718160878
"1",3,9,0.0025,100,0.484572693422654
"1",3,10,0.0025,100,0.482523373494594
"1",4,1,0.0025,100,0.479430256717195
"1",4,2,0.0025,100,0.495330861614754
"1",4,3,0.0025,100,0.472379747605438
"1",4,4,0.0025,100,0.489574488374764
"1",4,5,0.0025,100,0.509861384344499
"1",4,6,0.0025,100,0.475951596742665
"1",4,7,0.0025,100,0.478037261078468
"1",4,8,0.0025,100,0.460124498002483
"1",4,9,0.0025,100,0.540921592489255
"1",4,10,0.0025,100,0.477898629740909
"1",5,1,0.0025,100,0.505865723762846
"1",5,2,0.0025,100,0.476387870029854
"1",5,3,0.0025,100,0.500355440161734
"1",5,4,0.0025,100,0.52621861985064
"1",5,5,0.0025,100,0.498011638848337
"1",5,6,0.0025,100,0.491506268536963
"1",5,7,0.0025,100,0.494945418937646
"1",5,8,0.0025,100,0.534893008959354
"1",5,9,0.0025,100,0.487593015505167
"1",5,10,0.0025,100,0.48594466928951
"10",1,1,0.121,1080,0.994660334113133
"10",1,2,0.121,1080,0.995202618649963
"10",1,3,0.121,1080,0.995059862102886
"10",1,4,0.121,1080,0.995052248420375
"10",1,5,0.121,1080,0.994703161077256
"10",1,6,0.121,1080,0.995254582033099
"10",1,7,0.121,1080,0.994808039553842
"10",1,8,0.121,1080,0.995238022273638
"10",1,9,0.121,1080,0.99514741945176
"10",1,10,0.121,1080,0.994609132098248
"10",2,1,0.121,1080,0.996054399380855
"10",2,2,0.121,1080,0.996019376441306
"10",2,3,0.121,1080,0.995762414656567
"10",2,4,0.121,1080,0.996376267808998
"10",2,5,0.121,1080,0.995847687900688
"10",2,6,0.121,1080,0.996071149482379
"10",2,7,0.121,1080,0.996224184500846
"10",2,8,0.121,1080,0.996295372432321
"10",2,9,0.121,1080,0.995691226725091
"10",2,10,0.121,1080,0.996265488728466
"10",3,1,0.121,1080,0.995805812646879
"10",3,2,0.121,1080,0.995507356292456
"10",3,3,0.121,1080,0.995606524507159
"10",3,4,0.121,1080,0.995399432342866
"10",3,5,0.121,1080,0.995722252481323
"10",3,6,0.121,1080,0.99609798771323
"10",3,7,0.121,1080,0.996105220711615
"10",3,8,0.121,1080,0.996180405826409
"10",3,9,0.121,1080,0.995649922497471
"10",3,10,0.121,1080,0.995155413818396
"10",4,1,0.121,1080,0.994868568329803
"10",4,2,0.121,1080,0.995062526891765
"10",4,3,0.121,1080,0.994541370323902
"10",4,4,0.121,1080,0.995151797319203
"10",4,5,0.121,1080,0.994929668131952
"10",4,6,0.121,1080,0.995120581220909
"10",4,7,0.121,1080,0.99449930472803
"10",4,8,0.121,1080,0.995335667751838
"10",4,9,0.121,1080,0.994744084620751
"10",4,10,0.121,1080,0.994252431072619
"10",5,1,0.121,1080,0.996153757937621
"10",5,2,0.121,1080,0.995209851648348
"10",5,3,0.121,1080,0.995365551455693
"10",5,4,0.121,1080,0.995829224720599
"10",5,5,0.121,1080,0.995721110428946
"10",5,6,0.121,1080,0.995595294325456
"10",5,7,0.121,1080,0.995528674603487
"10",5,8,0.121,1080,0.99591659172741
"10",5,9,0.121,1080,0.995318917650315
"10",5,10,0.121,1080,0.995824275826967
"11",1,1,0.1605,1080,0.997908711756354
"11",1,2,0.1605,1080,0.998143213177686
"11",1,3,0.1605,1080,0.997782324626675
"11",1,4,0.1605,1080,0.998071454220022
"11",1,5,0.1605,1080,0.997700096855559
"11",1,6,0.1605,1080,0.998079258244595
"11",1,7,0.1605,1080,0.998394464700541
"11",1,8,0.1605,1080,0.99819022766719
"11",1,9,0.1605,1080,0.997968098479938
"11",1,10,0.1605,1080,0.997725983376095
"11",2,1,0.1605,1080,0.998496488046185
"11",2,2,0.1605,1080,0.998587090868064
"11",2,3,0.1605,1080,0.998201077164767
"11",2,4,0.1605,1080,0.998542550825376
"11",2,5,0.1605,1080,0.998306336325479
"11",2,6,0.1605,1080,0.998452328687623
"11",2,7,0.1605,1080,0.998581190264118
"11",2,8,0.1605,1080,0.998430249008342
"11",2,9,0.1605,1080,0.998192702114006
"11",2,10,0.1605,1080,0.998494013599369
"11",3,1,0.1605,1080,0.998461465106636
"11",3,2,0.1605,1080,0.998224298896425
"11",3,3,0.1605,1080,0.998110664684952
"11",3,4,0.1605,1080,0.998116565288898
"11",3,5,0.1605,1080,0.998414260275069
"11",3,6,0.1605,1080,0.998225631290865
"11",3,7,0.1605,1080,0.99836343894431
"11",3,8,0.1605,1080,0.998122846576969
"11",3,9,0.1605,1080,0.998394464700541
"11",3,10,0.1605,1080,0.998372194679197
"11",4,1,0.1605,1080,0.99827892706844
"11",4,2,0.1605,1080,0.997993033290161
"11",4,3,0.1605,1080,0.997976092846574
"11",4,4,0.1605,1080,0.997860555214473
"11",4,5,0.1605,1080,0.997907950388103
"11",4,6,0.1605,1080,0.997710375326948
"11",4,7,0.1605,1080,0.997880731473127
"11",4,8,0.1605,1080,0.998302339142161
"11",4,9,0.1605,1080,0.997750156818067
"11",4,10,0.1605,1080,0.997745398266498
"11",5,1,0.1605,1080,0.998075832087465
"11",5,2,0.1605,1080,0.998328225662697
"11",5,3,0.1605,1080,0.997815063461471
"11",5,4,0.1605,1080,0.998332222846015
"11",5,5,0.1605,1080,0.998374288441887
"11",5,6,0.1605,1080,0.998178997485486
"11",5,7,0.1605,1080,0.998352970130857
"11",5,8,0.1605,1080,0.998084016796164
"11",5,9,0.1605,1080,0.99827892706844
"11",5,10,0.1605,1080,0.998481070339101
"12",1,1,0.2,1080,0.999138131139781
"12",1,2,0.2,1080,0.999273845030535
"12",1,3,0.2,1080,0.999215600359328
"12",1,4,0.2,1080,0.999196946837176
"12",1,5,0.2,1080,0.999143270375475
"12",1,6,0.2,1080,0.999134324298525
"12",1,7,0.2,1080,0.999110531540679
"12",1,8,0.2,1080,0.999233682855291
"12",1,9,0.2,1080,0.999217503779955
"12",1,10,0.2,1080,0.999029826506065
"12",2,1,0.2,1080,0.999349410829455
"12",2,2,0.2,1080,0.999471610433753
"12",2,3,0.2,1080,0.999318385073223
"12",2,4,0.2,1080,0.999292117868561
"12",2,5,0.2,1080,0.999242438590178
"12",2,6,0.2,1080,0.999326760123985
"12",2,7,0.2,1080,0.999416791919675
"12",2,8,0.2,1080,0.999442488098149
"12",2,9,0.2,1080,0.999303348050264
"12",2,10,0.2,1080,0.999268896136903
"12",3,1,0.2,1080,0.999280126318607
"12",3,2,0.2,1080,0.9992755581091
"12",3,3,0.2,1080,0.999248339194124
"12",3,4,0.2,1080,0.999223404383901
"12",3,5,0.2,1080,0.999463235382991
"12",3,6,0.2,1080,0.999206463940315
"12",3,7,0.2,1080,0.999182480840406
"12",3,8,0.2,1080,0.999259569375827
"12",3,9,0.2,1080,0.999241106195739
"12",3,10,0.2,1080,0.999250052272689
"12",4,1,0.2,1080,0.99922816293547
"12",4,2,0.2,1080,0.999138131139781
"12",4,3,0.2,1080,0.999287359316992
"12",4,4,0.2,1080,0.999036107794136
"12",4,5,0.2,1080,0.999097968964536
"12",4,6,0.2,1080,0.999115099750186
"12",4,7,0.2,1080,0.999265469979773
"12",4,8,0.2,1080,0.999152216452426
"12",4,9,0.2,1080,0.999142699349287
"12",4,10,0.2,1080,0.998919618451721
"12",5,1,0.2,1080,0.999248529536187
"12",5,2,0.2,1080,0.99924053516955
"12",5,3,0.2,1080,0.999227972593408
"12",5,4,0.2,1080,0.999240915853676
"12",5,5,0.2,1080,0.999179245025339
"12",5,6,0.2,1080,0.999209890097445
"12",5,7,0.2,1080,0.999368445035731
"12",5,8,0.2,1080,0.999222071989462
"12",5,9,0.2,1080,0.999198850257804
"12",5,10,0.2,1080,0.999323714650981
"13",1,1,0.0025,2060,0.744705421389251
"13",1,2,0.0025,2060,0.74489500208377
"13",1,3,0.0025,2060,0.739451980456819
"13",1,4,0.0025,2060,0.740503239669494
"13",1,5,0.0025,2060,0.740183655346104
"13",1,6,0.0025,2060,0.742660957293047
"13",1,7,0.0025,2060,0.746997520509119
"13",1,8,0.0025,2060,0.739246411029028
"13",1,9,0.0025,2060,0.74321104585445
"13",1,10,0.0025,2060,0.738782166737934
"13",2,1,0.0025,2060,0.75915162258519
"13",2,2,0.0025,2060,0.76291887269152
"13",2,3,0.0025,2060,0.760761916436218
"13",2,4,0.0025,2060,0.756673939954122
"13",2,5,0.0025,2060,0.757613658718014
"13",2,6,0.0025,2060,0.762966648549275
"13",2,7,0.0025,2060,0.761399372004432
"13",2,8,0.0025,2060,0.759731594850448
"13",2,9,0.0025,2060,0.75646075684382
"13",2,10,0.0025,2060,0.759540491419427
"13",3,1,0.0025,2060,0.754209581267448
"13",3,2,0.0025,2060,0.756111669500701
"13",3,3,0.0025,2060,0.753817857302269
"13",3,4,0.0025,2060,0.758283472436899
"13",3,5,0.0025,2060,0.750477354100668
"13",3,6,0.0025,2060,0.756337415187146
"13",3,7,0.0025,2060,0.758635224568897
"13",3,8,0.0025,2060,0.756048095251736
"13",3,9,0.0025,2060,0.755640001869159
"13",3,10,0.0025,2060,0.758501985124958
"13",4,1,0.0025,2060,0.744883010533815
"13",4,2,0.0025,2060,0.740574046916844
"13",4,3,0.0025,2060,0.743625610867161
"13",4,4,0.0025,2060,0.74696249756957
"13",4,5,0.0025,2060,0.744165801641301
"13",4,6,0.0025,2060,0.749384981002435
"13",4,7,0.0025,2060,0.743208761749697
"13",4,8,0.0025,2060,0.749858171370479
"13",4,9,0.0025,2060,0.749545820045475
"13",4,10,0.0025,2060,0.745973860895546
"13",5,1,0.0025,2060,0.759770424631253
"13",5,2,0.0025,2060,0.754416483089678
"13",5,3,0.0025,2060,0.754772993773245
"13",5,4,0.0025,2060,0.754830667418264
"13",5,5,0.0025,2060,0.75366672570443
"13",5,6,0.0025,2060,0.755531697235443
"13",5,7,0.0025,2060,0.758832989972114
"13",5,8,0.0025,2060,0.75376570357707
"13",5,9,0.0025,2060,0.758087800796372
"13",5,10,0.0025,2060,0.76056548342744
"14",1,1,0.042,2060,0.985509449103437
"14",1,2,0.042,2060,0.986448406499078
"14",1,3,0.042,2060,0.987134018609172
"14",1,4,0.042,2060,0.987066447176889
"14",1,5,0.042,2060,0.985508878077248
"14",1,6,0.042,2060,0.985873763811577
"14",1,7,0.042,2060,0.985650492571948
"14",1,8,0.042,2060,0.986180975900887
"14",1,9,0.042,2060,0.985664768226656
"14",1,10,0.042,2060,0.98512686155727
"14",2,1,0.042,2060,0.989973731843627
"14",2,2,0.042,2060,0.989549459385715
"14",2,3,0.042,2060,0.989902924596277
"14",2,4,0.042,2060,0.989803375697449
"14",2,5,0.042,2060,0.989249099610665
"14",2,6,0.042,2060,0.988499532567479
"14",2,7,0.042,2060,0.989802614329198
"14",2,8,0.042,2060,0.989764355574581
"14",2,9,0.042,2060,0.989387097606173
"14",2,10,0.042,2060,0.989249860978916
"14",3,1,0.042,2060,0.988417304796363
"14",3,2,0.042,2060,0.987914421066527
"14",3,3,0.042,2060,0.987283817812572
"14",3,4,0.042,2060,0.987862267341328
"14",3,5,0.042,2060,0.987673828699186
"14",3,6,0.042,2060,0.987164663681278
"14",3,7,0.042,2060,0.98785827015801
"14",3,8,0.042,2060,0.988262747041394
"14",3,9,0.042,2060,0.987893102755496
"14",3,10,0.042,2060,0.98764660978421
"14",4,1,0.042,2060,0.986851931672148
"14",4,2,0.042,2060,0.986967659646312
"14",4,3,0.042,2060,0.986478290202932
"14",4,4,0.042,2060,0.98655652079073
"14",4,5,0.042,2060,0.98602451472529
"14",4,6,0.042,2060,0.985980355366728
"14",4,7,0.042,2060,0.987063021019759
"14",4,8,0.042,2060,0.987050648785679
"14",4,9,0.042,2060,0.987066447176889
"14",4,10,0.042,2060,0.986585262442209
"14",5,1,0.042,2060,0.98891542997463
"14",5,2,0.042,2060,0.988293582455563
"14",5,3,0.042,2060,0.987846659292181
"14",5,4,0.042,2060,0.98830367058489
"14",5,5,0.042,2060,0.988510762749183
"14",5,6,0.042,2060,0.988366293123541
"14",5,7,0.042,2060,0.987928696721234
"14",5,8,0.042,2060,0.988283494326236
"14",5,9,0.042,2060,0.987902048832446
"14",5,10,0.042,2060,0.988277784064353
"15",1,1,0.0815,2060,0.99794830290541
"15",1,2,0.0815,2060,0.997898052600839
"15",1,3,0.0815,2060,0.998087442953294
"15",1,4,0.0815,2060,0.9978885354977
"15",1,5,0.0815,2060,0.998024059046392
"15",1,6,0.0815,2060,0.997964291638682
"15",1,7,0.0815,2060,0.997775281970352
"15",1,8,0.0815,2060,0.997962578560117
"15",1,9,0.0815,2060,0.997945257432405
"15",1,10,0.0815,2060,0.997862648977164
"15",2,1,0.0815,2060,0.998567485635598
"15",2,2,0.0815,2060,0.998501817623943
"15",2,3,0.0815,2060,0.998470791867712
"15",2,4,0.0815,2060,0.998658088457477
"15",2,5,0.0815,2060,0.998373146389511
"15",2,6,0.0815,2060,0.998357919024489
"15",2,7,0.0815,2060,0.998568437345912
"15",2,8,0.0815,2060,0.998557397506272
"15",2,9,0.0815,2060,0.998416734721885
"15",2,10,0.0815,2060,0.998626301332994
"15",3,1,0.0815,2060,0.998129889233292
"15",3,2,0.0815,2060,0.998406646592558
"15",3,3,0.0815,2060,0.998126653418225
"15",3,4,0.0815,2060,0.998306717009604
"15",3,5,0.0815,2060,0.998286921435076
"15",3,6,0.0815,2060,0.998324038137316
"15",3,7,0.0815,2060,0.998129698891229
"15",3,8,0.0815,2060,0.998391228885474
"15",3,9,0.0815,2060,0.998231151210685
"15",3,10,0.0815,2060,0.998331651819827
"15",4,1,0.0815,2060,0.998085349190604
"15",4,2,0.0815,2060,0.998204312979834
"15",4,3,0.0815,2060,0.997887964471512
"15",4,4,0.0815,2060,0.997985990633838
"15",4,5,0.0815,2060,0.997791651387751
"15",4,6,0.0815,2060,0.998067647378766
"15",4,7,0.0815,2060,0.997935359645141
"15",4,8,0.0815,2060,0.998083826454102
"15",4,9,0.0815,2060,0.997716466272957
"15",4,10,0.0815,2060,0.997829148774116
"15",5,1,0.0815,2060,0.998535698511116
"15",5,2,0.0815,2060,0.998167957645846
"15",5,3,0.0815,2060,0.9980383347011
"15",5,4,0.0815,2060,0.998404743171931
"15",5,5,0.0815,2060,0.998250946785213
"15",5,6,0.0815,2060,0.998275881595436
"15",5,7,0.0815,2060,0.998246568917769
"15",5,8,0.0815,2060,0.998231912578936
"15",5,9,0.0815,2060,0.998152920622887
"15",5,10,0.0815,2060,0.99829472545965
"16",1,1,0.121,2060,0.999606943640381
"16",1,2,0.121,2060,0.999662904206836
"16",1,3,0.121,2060,0.999592096959485
"16",1,4,0.121,2060,0.999646915473563
"16",1,5,0.121,2060,0.999652054709258
"16",1,6,0.121,2060,0.999637017686299
"16",1,7,0.121,2060,0.999633210845044
"16",1,8,0.121,2060,0.999683461149615
"16",1,9,0.121,2060,0.999645963763249
"16",1,10,0.121,2060,0.999641776237868
"16",2,1,0.121,2060,0.999632449476793
"16",2,2,0.121,2060,0.99968936175356
"16",2,3,0.121,2060,0.999673753704413
"16",2,4,0.121,2060,0.999706682881273
"16",2,5,0.121,2060,0.99964463136881
"16",2,6,0.121,2060,0.999692026542439
"16",2,7,0.121,2060,0.999732188717684
"16",2,8,0.121,2060,0.999729143244679
"16",2,9,0.121,2060,0.999721719904231
"16",2,10,0.121,2060,0.999717342036788
"16",3,1,0.121,2060,0.999665188311589
"16",3,2,0.121,2060,0.999669756521095
"16",3,3,0.121,2060,0.999641395553743
"16",3,4,0.121,2060,0.9996646172854
"16",3,5,0.121,2060,0.999681177044861
"16",3,6,0.121,2060,0.999695072015444
"16",3,7,0.121,2060,0.999710489722528
"16",3,8,0.121,2060,0.999722671614545
"16",3,9,0.121,2060,0.999656051892576
"16",3,10,0.121,2060,0.999618744848273
"16",4,1,0.121,2060,0.999645012052935
"16",4,2,0.121,2060,0.999636827344236
"16",4,3,0.121,2060,0.999574395147648
"16",4,4,0.121,2060,0.999584292934912
"16",4,5,0.121,2060,0.99968384183374
"16",4,6,0.121,2060,0.999630736398228
"16",4,7,0.121,2060,0.999542798365228
"16",4,8,0.121,2060,0.999661571812396
"16",4,9,0.121,2060,0.999598949273745
"16",4,10,0.121,2060,0.999527380658144
"16",5,1,0.121,2060,0.999732379059746
"16",5,2,0.121,2060,0.99967489575679
"16",5,3,0.121,2060,0.999645012052935
"16",5,4,0.121,2060,0.999655480866388
"16",5,5,0.121,2060,0.999670517889346
"16",5,6,0.121,2060,0.999704969802708
"16",5,7,0.121,2060,0.999679844650422
"16",5,8,0.121,2060,0.99965700360289
"16",5,9,0.121,2060,0.999713915879658
"16",5,10,0.121,2060,0.999693549278941
"17",1,1,0.1605,2060,0.999904257942427
"17",1,2,0.1605,2060,0.99990996820431
"17",1,3,0.1605,2060,0.99989759597023
"17",1,4,0.1605,2060,0.999900831785297
"17",1,5,0.1605,2060,0.999897215286105
"17",1,6,0.1605,2060,0.99991130059875
"17",1,7,0.1605,2060,0.999920056333637
"17",1,8,0.1605,2060,0.999907303415431
"17",1,9,0.1605,2060,0.999918533597135
"17",1,10,0.1605,2060,0.999900641443235
"17",2,1,0.1605,2060,0.99992367283283
"17",2,2,0.1605,2060,0.999924624543143
"17",2,3,0.1605,2060,0.999920437017762
"17",2,4,0.1605,2060,0.99992786035821
"17",2,5,0.1605,2060,0.999915297782068
"17",2,6,0.1605,2060,0.999915297782068
"17",2,7,0.1605,2060,0.999927670016148
"17",2,8,0.1605,2060,0.999927289332022
"17",2,9,0.1605,2060,0.999914155729691
"17",2,10,0.1605,2060,0.999931667199466
"17",3,1,0.1605,2060,0.999916439834444
"17",3,2,0.1605,2060,0.999918723939198
"17",3,3,0.1605,2060,0.999930905831215
"17",3,4,0.1605,2060,0.999913775045566
"17",3,5,0.1605,2060,0.999932047883591
"17",3,6,0.1605,2060,0.999907493757494
"17",3,7,0.1605,2060,0.999917391544758
"17",3,8,0.1605,2060,0.999912632993189
"17",3,9,0.1605,2060,0.999906161363055
"17",3,10,0.1605,2060,0.999903877258302
"17",4,1,0.1605,2060,0.999916630176507
"17",4,2,0.1605,2060,0.999913965387628
"17",4,3,0.1605,2060,0.999910348888436
"17",4,4,0.1605,2060,0.999893598786912
"17",4,5,0.1605,2060,0.99990996820431
"17",4,6,0.1605,2060,0.9998941698131
"17",4,7,0.1605,2060,0.999901593153548
"17",4,8,0.1605,2060,0.999907303415431
"17",4,9,0.1605,2060,0.999893408444849
"17",4,10,0.1605,2060,0.99991130059875
"17",5,1,0.1605,2060,0.999903686916239
"17",5,2,0.1605,2060,0.999911110256687
"17",5,3,0.1605,2060,0.999902164179737
"17",5,4,0.1605,2060,0.99992786035821
"17",5,5,0.1605,2060,0.999926147279646
"17",5,6,0.1605,2060,0.999923292148704
"17",5,7,0.1605,2060,0.999919675649511
"17",5,8,0.1605,2060,0.999920437017762
"17",5,9,0.1605,2060,0.999923482490767
"17",5,10,0.1605,2060,0.9999202466757
"18",1,1,0.2,2060,0.999967261165204
"18",1,2,0.2,2060,0.999976778268342
"18",1,3,0.2,2060,0.999971068006459
"18",1,4,0.2,2060,0.999968783901706
"18",1,5,0.2,2060,0.999963263981886
"18",1,6,0.2,2060,0.999965548086639
"18",1,7,0.2,2060,0.999973542453275
"18",1,8,0.2,2060,0.99996840321758
"18",1,9,0.2,2060,0.999963263981886
"18",1,10,0.2,2060,0.999961550903321
"18",2,1,0.2,2060,0.99996973561202
"18",2,2,0.2,2060,0.999975826558028
"18",2,3,0.2,2060,0.999977920320719
"18",2,4,0.2,2060,0.999974303821526
"18",2,5,0.2,2060,0.999971448690585
"18",2,6,0.2,2060,0.999977729978656
"18",2,7,0.2,2060,0.999980965793723
"18",2,8,0.2,2060,0.999978872031033
"18",2,9,0.2,2060,0.999973542453275
"18",2,10,0.2,2060,0.999968783901706
"18",3,1,0.2,2060,0.999973923137401
"18",3,2,0.2,2060,0.999970687322334
"18",3,3,0.2,2060,0.999980585109598
"18",3,4,0.2,2060,0.999973732795338
"18",3,5,0.2,2060,0.999979252715158
"18",3,6,0.2,2060,0.999972019716773
"18",3,7,0.2,2060,0.99997182937471
"18",3,8,0.2,2060,0.999973923137401
"18",3,9,0.2,2060,0.999971448690585
"18",3,10,0.2,2060,0.999976397584217
"18",4,1,0.2,2060,0.999972400400899
"18",4,2,0.2,2060,0.999973732795338
"18",4,3,0.2,2060,0.999975445873903
"18",4,4,0.2,2060,0.999967261165204
"18",4,5,0.2,2060,0.999968593559643
"18",4,6,0.2,2060,0.999969354927894
"18",4,7,0.2,2060,0.999968593559643
"18",4,8,0.2,2060,0.999967641849329
"18",4,9,0.2,2060,0.99996630945489
"18",4,10,0.2,2060,0.999960408850944
"18",5,1,0.2,2060,0.999980014083409
"18",5,2,0.2,2060,0.999975636215966
"18",5,3,0.2,2060,0.999977349294531
"18",5,4,0.2,2060,0.999976016900091
"18",5,5,0.2,2060,0.999970687322334
"18",5,6,0.2,2060,0.999971448690585
"18",5,7,0.2,2060,0.999972971427087
"18",5,8,0.2,2060,0.999970306638208
"18",5,9,0.2,2060,0.999972971427087
"18",5,10,0.2,2060,0.999978301004844
"19",1,1,0.0025,3040,0.789809828293377
"19",1,2,0.0025,3040,0.789864646807454
"19",1,3,0.0025,3040,0.786465327908458
"19",1,4,0.0025,3040,0.787630411674668
"19",1,5,0.0025,3040,0.791294877067103
"19",1,6,0.0025,3040,0.788024229402538
"19",1,7,0.0025,3040,0.79516434086114
"19",1,8,0.0025,3040,0.790027769955248
"19",1,9,0.0025,3040,0.78291678083225
"19",1,10,0.0025,3040,0.790982145057973
"19",2,1,0.0025,3040,0.806140035226606
"19",2,2,0.0025,3040,0.807986733919593
"19",2,3,0.0025,3040,0.808196871556891
"19",2,4,0.0025,3040,0.804867217852867
"19",2,5,0.0025,3040,0.807519634497557
"19",2,6,0.0025,3040,0.809252698979072
"19",2,7,0.0025,3040,0.808507129119204
"19",2,8,0.0025,3040,0.808012239756004
"19",2,9,0.0025,3040,0.803335535273763
"19",2,10,0.0025,3040,0.807006281954269
"19",3,1,0.0025,3040,0.798894664607292
"19",3,2,0.0025,3040,0.801675181460226
"19",3,3,0.0025,3040,0.801137084448777
"19",3,4,0.0025,3040,0.80463576190454
"19",3,5,0.0025,3040,0.797463672979393
"19",3,6,0.0025,3040,0.805621162763496
"19",3,7,0.0025,3040,0.805428917280099
"19",3,8,0.0025,3040,0.803756762258671
"19",3,9,0.0025,3040,0.804650989269561
"19",3,10,0.0025,3040,0.803100653168305
"19",4,1,0.0025,3040,0.793851170970094
"19",4,2,0.0025,3040,0.790637816266423
"19",4,3,0.0025,3040,0.792751184189351
"19",4,4,0.0025,3040,0.792538952789363
"19",4,5,0.0025,3040,0.789685534926388
"19",4,6,0.0025,3040,0.793281667518289
"19",4,7,0.0025,3040,0.792408949160492
"19",4,8,0.0025,3040,0.792906122628445
"19",4,9,0.0025,3040,0.792925918202973
"19",4,10,0.0025,3040,0.789236518000316
"19",5,1,0.0025,3040,0.799829434477552
"19",5,2,0.0025,3040,0.801503492919608
"19",5,3,0.0025,3040,0.800032339116465
"19",5,4,0.0025,3040,0.798195918894866
"19",5,5,0.0025,3040,0.799335116140541
"19",5,6,0.0025,3040,0.797302833936353
"19",5,7,0.0025,3040,0.80365150309796
"19",5,8,0.0025,3040,0.799336829219106
"19",5,9,0.0025,3040,0.800660467923603
"19",5,10,0.0025,3040,0.806602376097072
"2",1,1,0.042,100,0.691979337607718
"2",1,2,0.042,100,0.677286453098431
"2",1,3,0.042,100,0.687910776016024
"2",1,4,0.042,100,0.725336784108037
"2",1,5,0.042,100,0.699615099797771
"2",1,6,0.042,100,0.69810359347732
"2",1,7,0.042,100,0.682007126597172
"2",1,8,0.042,100,0.688692130183692
"2",1,9,0.042,100,0.700823962238419
"2",1,10,0.042,100,0.707665427000536
"2",2,1,0.042,100,0.692414078879083
"2",2,2,0.042,100,0.712564831696217
"2",2,3,0.042,100,0.709291519242774
"2",2,4,0.042,100,0.715117128415891
"2",2,5,0.042,100,0.704785361248773
"2",2,6,0.042,100,0.711233388967146
"2",2,7,0.042,100,0.713699080048259
"2",2,8,0.042,100,0.707867189587071
"2",2,9,0.042,100,0.696340074265763
"2",2,10,0.042,100,0.719033226015306
"2",3,1,0.042,100,0.703481708460866
"2",3,2,0.042,100,0.700557483350542
"2",3,3,0.042,100,0.713168787061384
"2",3,4,0.042,100,0.688689465394814
"2",3,5,0.042,100,0.719475390627119
"2",3,6,0.042,100,0.708476664872058
"2",3,7,0.042,100,0.713032882828567
"2",3,8,0.042,100,0.725961486758045
"2",3,9,0.042,100,0.707070988738507
"2",3,10,0.042,100,0.707970735669217
"2",4,1,0.042,100,0.700609066049552
"2",4,2,0.042,100,0.695506756714959
"2",4,3,0.042,100,0.701025724824954
"2",4,4,0.042,100,0.679180356622985
"2",4,5,0.042,100,0.700019386339093
"2",4,6,0.042,100,0.702292451252684
"2",4,7,0.042,100,0.688305355112145
"2",4,8,0.042,100,0.688873526169512
"2",4,9,0.042,100,0.697722719009719
"2",4,10,0.042,100,0.714344149298984
"2",5,1,0.042,100,0.693012704666493
"2",5,2,0.042,100,0.695982992556007
"2",5,3,0.042,100,0.715327075711125
"2",5,4,0.042,100,0.711427537871171
"2",5,5,0.042,100,0.697182718577642
"2",5,6,0.042,100,0.718303644888711
"2",5,7,0.042,100,0.686567532079062
"2",5,8,0.042,100,0.684408862745195
"2",5,9,0.042,100,0.695361906405191
"2",5,10,0.042,100,0.697914774151053
"20",1,1,0.042,3040,0.994751317619137
"20",1,2,0.042,3040,0.995079467335351
"20",1,3,0.042,3040,0.995493461321874
"20",1,4,0.042,3040,0.99517768383974
"20",1,5,0.042,3040,0.995058910392572
"20",1,6,0.042,3040,0.99476597395797
"20",1,7,0.042,3040,0.995307497126549
"20",1,8,0.042,3040,0.995108780013018
"20",1,9,0.042,3040,0.995036640371228
"20",1,10,0.042,3040,0.995055674577505
"20",2,1,0.042,3040,0.996418523746933
"20",2,2,0.042,3040,0.996184593351789
"20",2,3,0.042,3040,0.996372080283617
"20",2,4,0.042,3040,0.996325065794113
"20",2,5,0.042,3040,0.996165559145513
"20",2,6,0.042,3040,0.995966271005793
"20",2,7,0.042,3040,0.996571749107462
"20",2,8,0.042,3040,0.996357423944784
"20",2,9,0.042,3040,0.996046214672156
"20",2,10,0.042,3040,0.996328111267118
"20",3,1,0.042,3040,0.996061251695115
"20",3,2,0.042,3040,0.995560461727969
"20",3,3,0.042,3040,0.995693510829845
"20",3,4,0.042,3040,0.99586843518553
"20",3,5,0.042,3040,0.995713306404373
"20",3,6,0.042,3040,0.99578049715253
"20",3,7,0.042,3040,0.995999961550903
"20",3,8,0.042,3040,0.995932961144809
"20",3,9,0.042,3040,0.995797247254054
"20",3,10,0.042,3040,0.995991776842204
"20",4,1,0.042,3040,0.995219749435612
"20",4,2,0.042,3040,0.995453679830755
"20",4,3,0.042,3040,0.995318536966189
"20",4,4,0.042,3040,0.995215371568168
"20",4,5,0.042,3040,0.995194243599201
"20",4,6,0.042,3040,0.995169689473104
"20",4,7,0.042,3040,0.995436549045106
"20",4,8,0.042,3040,0.995288843604397
"20",4,9,0.042,3040,0.995215371568168
"20",4,10,0.042,3040,0.995631649659445
"20",5,1,0.042,3040,0.996041265778524
"20",5,2,0.042,3040,0.995863105607772
"20",5,3,0.042,3040,0.995736908820156
"20",5,4,0.042,3040,0.99570074382823
"20",5,5,0.042,3040,0.995930677040055
"20",5,6,0.042,3040,0.995742428739976
"20",5,7,0.042,3040,0.995770218681141
"20",5,8,0.042,3040,0.995698459723477
"20",5,9,0.042,3040,0.99582655993172
"20",5,10,0.042,3040,0.99615851648919
"21",1,1,0.0815,3040,0.999607705008632
"21",1,2,0.0815,3040,0.999662713864773
"21",1,3,0.0815,3040,0.999636446660111
"21",1,4,0.0815,3040,0.999558216072312
"21",1,5,0.0815,3040,0.999633401187106
"21",1,6,0.0815,3040,0.999647486499751
"21",1,7,0.0815,3040,0.999602756115
"21",1,8,0.0815,3040,0.999608276034821
"21",1,9,0.0815,3040,0.999642537606119
"21",1,10,0.0815,3040,0.99963092674029
"21",2,1,0.0815,3040,0.999704969802708
"21",2,2,0.0815,3040,0.99971201245903
"21",2,3,0.0815,3040,0.999714867589972
"21",2,4,0.0815,3040,0.999735805216876
"21",2,5,0.0815,3040,0.999702495355892
"21",2,6,0.0815,3040,0.999656432576701
"21",2,7,0.0815,3040,0.999704398776519
"21",2,8,0.0815,3040,0.999710489722528
"21",2,9,0.0815,3040,0.999691836200376
"21",2,10,0.0815,3040,0.999710680064591
"21",3,1,0.0815,3040,0.999666140021903
"21",3,2,0.0815,3040,0.999682699781364
"21",3,3,0.0815,3040,0.999636065975985
"21",3,4,0.0815,3040,0.999657193944952
"21",3,5,0.0815,3040,0.999696975436071
"21",3,6,0.0815,3040,0.999649009236253
"21",3,7,0.0815,3040,0.999674515072664
"21",3,8,0.0815,3040,0.999680606018673
"21",3,9,0.0815,3040,0.99968384183374
"21",3,10,0.0815,3040,0.999646344447375
"21",4,1,0.0815,3040,0.999648818894191
"21",4,2,0.0815,3040,0.999660239417957
"21",4,3,0.0815,3040,0.999641585895805
"21",4,4,0.0815,3040,0.999656813260827
"21",4,5,0.0815,3040,0.999643679658496
"21",4,6,0.0815,3040,0.999633401187106
"21",4,7,0.0815,3040,0.999610369797511
"21",4,8,0.0815,3040,0.999602565772938
"21",4,9,0.0815,3040,0.999568113859576
"21",4,10,0.0815,3040,0.999590003196795
"21",5,1,0.0815,3040,0.999739041031943
"21",5,2,0.0815,3040,0.999675276440916
"21",5,3,0.0815,3040,0.99966042976002
"21",5,4,0.0815,3040,0.999696594751946
"21",5,5,0.0815,3040,0.999687077648807
"21",5,6,0.0815,3040,0.999693549278941
"21",5,7,0.0815,3040,0.999708776643963
"21",5,8,0.0815,3040,0.999717913062976
"21",5,9,0.0815,3040,0.999653958129885
"21",5,10,0.0815,3040,0.999687648674996
"22",1,1,0.121,3040,0.999940422934353
"22",1,2,0.121,3040,0.999950320721617
"22",1,3,0.121,3040,0.999946894564487
"22",1,4,0.121,3040,0.999953746878747
"22",1,5,0.121,3040,0.999948226958927
"22",1,6,0.121,3040,0.999954317904935
"22",1,7,0.121,3040,0.999948226958927
"22",1,8,0.121,3040,0.999945371827985
"22",1,9,0.121,3040,0.999947846274801
"22",1,10,0.121,3040,0.999949559353366
"22",2,1,0.121,3040,0.999952033800182
"22",2,2,0.121,3040,0.999964786718388
"22",2,3,0.121,3040,0.99995393722081
"22",2,4,0.121,3040,0.99995736337794
"22",2,5,0.121,3040,0.999958695772379
"22",2,6,0.121,3040,0.999956411667626
"22",2,7,0.121,3040,0.999964025350137
"22",2,8,0.121,3040,0.999964215692199
"22",2,9,0.121,3040,0.999960408850944
"22",2,10,0.121,3040,0.999957173035877
"22",3,1,0.121,3040,0.999954317904935
"22",3,2,0.121,3040,0.999955459957312
"22",3,3,0.121,3040,0.999959266798567
"22",3,4,0.121,3040,0.999955269615249
"22",3,5,0.121,3040,0.999956792351751
"22",3,6,0.121,3040,0.999956602009689
"22",3,7,0.121,3040,0.999959837824756
"22",3,8,0.121,3040,0.99996288329776
"22",3,9,0.121,3040,0.999946323538299
"22",3,10,0.121,3040,0.999946704222425
"22",4,1,0.121,3040,0.99994708490655
"22",4,2,0.121,3040,0.999955459957312
"22",4,3,0.121,3040,0.999943849091483
"22",4,4,0.121,3040,0.999948036616864
"22",4,5,0.121,3040,0.999952033800182
"22",4,6,0.121,3040,0.999956602009689
"22",4,7,0.121,3040,0.999941755328793
"22",4,8,0.121,3040,0.999949940037492
"22",4,9,0.121,3040,0.999952224142245
"22",4,10,0.121,3040,0.999938709855788
"22",5,1,0.121,3040,0.999963263981886
"22",5,2,0.121,3040,0.999954317904935
"22",5,3,0.121,3040,0.999944229775609
"22",5,4,0.121,3040,0.99995260482637
"22",5,5,0.121,3040,0.999953746878747
"22",5,6,0.121,3040,0.999956602009689
"22",5,7,0.121,3040,0.999957934404128
"22",5,8,0.121,3040,0.999955650299375
"22",5,9,0.121,3040,0.999952795168433
"22",5,10,0.121,3040,0.999960218508881
"23",1,1,0.1605,3040,0.999989340844485
"23",1,2,0.1605,3040,0.999986485713543
"23",1,3,0.1605,3040,0.999989150502422
"23",1,4,0.1605,3040,0.999987247081794
"23",1,5,0.1605,3040,0.999985343661167
"23",1,6,0.1605,3040,0.999989531186548
"23",1,7,0.1605,3040,0.999987818107983
"23",1,8,0.1605,3040,0.999985153319104
"23",1,9,0.1605,3040,0.999988960160359
"23",1,10,0.1605,3040,0.999985724345292
"23",2,1,0.1605,3040,0.999991624949238
"23",2,2,0.1605,3040,0.999992195975426
"23",2,3,0.1605,3040,0.999990863580987
"23",2,4,0.1605,3040,0.999993909053991
"23",2,5,0.1605,3040,0.999991244265113
"23",2,6,0.1605,3040,0.999989911870673
"23",2,7,0.1605,3040,0.999992195975426
"23",2,8,0.1605,3040,0.999991815291301
"23",2,9,0.1605,3040,0.99998972152861
"23",2,10,0.1605,3040,0.999992386317489
"23",3,1,0.1605,3040,0.999991815291301
"23",3,2,0.1605,3040,0.999989150502422
"23",3,3,0.1605,3040,0.999991244265113
"23",3,4,0.1605,3040,0.999990673238924
"23",3,5,0.1605,3040,0.999992195975426
"23",3,6,0.1605,3040,0.999989340844485
"23",3,7,0.1605,3040,0.99998972152861
"23",3,8,0.1605,3040,0.999988579476234
"23",3,9,0.1605,3040,0.99998972152861
"23",3,10,0.1605,3040,0.999989150502422
"23",4,1,0.1605,3040,0.999989340844485
"23",4,2,0.1605,3040,0.999990673238924
"23",4,3,0.1605,3040,0.999989150502422
"23",4,4,0.1605,3040,0.999989150502422
"23",4,5,0.1605,3040,0.99998972152861
"23",4,6,0.1605,3040,0.999989911870673
"23",4,7,0.1605,3040,0.999989150502422
"23",4,8,0.1605,3040,0.999986676055606
"23",4,9,0.1605,3040,0.999982678872288
"23",4,10,0.1605,3040,0.99998762776592
"23",5,1,0.1605,3040,0.99999105392305
"23",5,2,0.1605,3040,0.999993718711929
"23",5,3,0.1605,3040,0.999989150502422
"23",5,4,0.1605,3040,0.999992957343678
"23",5,5,0.1605,3040,0.999992195975426
"23",5,6,0.1605,3040,0.999992195975426
"23",5,7,0.1605,3040,0.999992386317489
"23",5,8,0.1605,3040,0.999990673238924
"23",5,9,0.1605,3040,0.999991815291301
"23",5,10,0.1605,3040,0.999992195975426
"24",1,1,0.2,3040,0.999995622132556
"24",1,2,0.2,3040,0.999997525553184
"24",1,3,0.2,3040,0.999996954526996
"24",1,4,0.2,3040,0.999996383500807
"24",1,5,0.2,3040,0.999995431790494
"24",1,6,0.2,3040,0.999996954526996
"24",1,7,0.2,3040,0.999996383500807
"24",1,8,0.2,3040,0.999996383500807
"24",1,9,0.2,3040,0.999996383500807
"24",1,10,0.2,3040,0.999995431790494
"24",2,1,0.2,3040,0.999996954526996
"24",2,2,0.2,3040,0.999998477263498
"24",2,3,0.2,3040,0.999997144869058
"24",2,4,0.2,3040,0.999996383500807
"24",2,5,0.2,3040,0.999998667605561
"24",2,6,0.2,3040,0.999998286921435
"24",2,7,0.2,3040,0.999998667605561
"24",2,8,0.2,3040,0.999998857947623
"24",2,9,0.2,3040,0.999998096579372
"24",2,10,0.2,3040,0.999998667605561
"24",3,1,0.2,3040,0.999996764184933
"24",3,2,0.2,3040,0.999995622132556
"24",3,3,0.2,3040,0.999996954526996
"24",3,4,0.2,3040,0.999996764184933
"24",3,5,0.2,3040,0.999996002816682
"24",3,6,0.2,3040,0.999996383500807
"24",3,7,0.2,3040,0.999996764184933
"24",3,8,0.2,3040,0.99999657384287
"24",3,9,0.2,3040,0.99999657384287
"24",3,10,0.2,3040,0.99999657384287
"24",4,1,0.2,3040,0.99999657384287
"24",4,2,0.2,3040,0.999996193158745
"24",4,3,0.2,3040,0.999997715895247
"24",4,4,0.2,3040,0.999996764184933
"24",4,5,0.2,3040,0.999996954526996
"24",4,6,0.2,3040,0.999997525553184
"24",4,7,0.2,3040,0.999997525553184
"24",4,8,0.2,3040,0.999996002816682
"24",4,9,0.2,3040,0.999996764184933
"24",4,10,0.2,3040,0.999995431790494
"24",5,1,0.2,3040,0.99999790623731
"24",5,2,0.2,3040,0.99999657384287
"24",5,3,0.2,3040,0.999998096579372
"24",5,4,0.2,3040,0.999996764184933
"24",5,5,0.2,3040,0.999996954526996
"24",5,6,0.2,3040,0.999996383500807
"24",5,7,0.2,3040,0.999997144869058
"24",5,8,0.2,3040,0.999996383500807
"24",5,9,0.2,3040,0.99999657384287
"24",5,10,0.2,3040,0.999998096579372
"25",1,1,0.0025,4020,0.822060626040755
"25",1,2,0.0025,4020,0.821478750354869
"25",1,3,0.0025,4020,0.819042752635547
"25",1,4,0.0025,4020,0.819717134563939
"25",1,5,0.0025,4020,0.821754556003822
"25",1,6,0.0025,4020,0.820208788112072
"25",1,7,0.0025,4020,0.824892915934762
"25",1,8,0.0025,4020,0.818661878167946
"25",1,9,0.0025,4020,0.816626169806629
"25",1,10,0.0025,4020,0.821938426436457
"25",2,1,0.0025,4020,0.839609022175707
"25",2,2,0.0025,4020,0.840117616167426
"25",2,3,0.0025,4020,0.839332645500566
"25",2,4,0.0025,4020,0.838269965764125
"25",2,5,0.0025,4020,0.839353202443345
"25",2,6,0.0025,4020,0.840713196481832
"25",2,7,0.0025,4020,0.838655598783295
"25",2,8,0.0025,4020,0.840062416969223
"25",2,9,0.0025,4020,0.838472299376849
"25",2,10,0.0025,4020,0.839264312700032
"25",3,1,0.0025,4020,0.831941663203234
"25",3,2,0.0025,4020,0.832741480550991
"25",3,3,0.0025,4020,0.832266577104381
"25",3,4,0.0025,4020,0.835321947895954
"25",3,5,0.0025,4020,0.830602035765464
"25",3,6,0.0025,4020,0.8334459365253
"25",3,7,0.0025,4020,0.834769384887735
"25",3,8,0.0025,4020,0.834928701194273
"25",3,9,0.0025,4020,0.835402652930568
"25",3,10,0.0025,4020,0.834652134177069
"25",4,1,0.0025,4020,0.826161736125182
"25",4,2,0.0025,4020,0.82328928405593
"25",4,3,0.0025,4020,0.826705733740577
"25",4,4,0.0025,4020,0.824566479297112
"25",4,5,0.0025,4020,0.823600874012684
"25",4,6,0.0025,4020,0.823329255889112
"25",4,7,0.0025,4020,0.826900263328727
"25",4,8,0.0025,4020,0.82487216864992
"25",4,9,0.0025,4020,0.824151343258213
"25",4,10,0.0025,4020,0.82419378953821
"25",5,1,0.0025,4020,0.833417385215884
"25",5,2,0.0025,4020,0.834488820687213
"25",5,3,0.0025,4020,0.833173366691414
"25",5,4,0.0025,4020,0.830997566571899
"25",5,5,0.0025,4020,0.830635726310574
"25",5,6,0.0025,4020,0.831789579895082
"25",5,7,0.0025,4020,0.833794452842231
"25",5,8,0.0025,4020,0.832651068071175
"25",5,9,0.0025,4020,0.834464266561116
"25",5,10,0.0025,4020,0.835459565207336
"26",1,1,0.042,4020,0.997985990633838
"26",1,2,0.042,4020,0.998146068308627
"26",1,3,0.042,4020,0.998242952418577
"26",1,4,0.042,4020,0.998213830082973
"26",1,5,0.042,4020,0.99816757696172
"26",1,6,0.042,4020,0.997988655422717
"26",1,7,0.042,4020,0.998191369719566
"26",1,8,0.042,4020,0.998123227261095
"26",1,9,0.042,4020,0.997990368501282
"26",1,10,0.042,4020,0.998077164481905
"26",2,1,0.042,4020,0.998655042984472
"26",2,2,0.042,4020,0.998563678794343
"26",2,3,0.042,4020,0.998514951226274
"26",2,4,0.042,4020,0.998622494491739
"26",2,5,0.042,4020,0.998531510985735
"26",2,6,0.042,4020,0.998423206352019
"26",2,7,0.042,4020,0.998605173364027
"26",2,8,0.042,4020,0.99863220193694
"26",2,9,0.042,4020,0.99858823292044
"26",2,10,0.042,4020,0.998603460285462
"26",3,1,0.042,4020,0.998517044988964
"26",3,2,0.042,4020,0.998405885224307
"26",3,3,0.042,4020,0.998403220435428
"26",3,4,0.042,4020,0.998431391060718
"26",3,5,0.042,4020,0.998425871140898
"26",3,6,0.042,4020,0.998295867512026
"26",3,7,0.042,4020,0.998351828078481
"26",3,8,0.042,4020,0.998512857463584
"26",3,9,0.042,4020,0.998391609569599
"26",3,10,0.042,4020,0.99836210654987
"26",4,1,0.042,4020,0.99806517293195
"26",4,2,0.042,4020,0.998230580184497
"26",4,3,0.042,4020,0.99813255402217
"26",4,4,0.042,4020,0.998172906539478
"26",4,5,0.042,4020,0.998072976956524
"26",4,6,0.042,4020,0.99807069285177
"26",4,7,0.042,4020,0.998207548794902
"26",4,8,0.042,4020,0.998162247383963
"26",4,9,0.042,4020,0.998004263471864
"26",4,10,0.042,4020,0.998333174556329
"26",5,1,0.042,4020,0.998524849013538
"26",5,2,0.042,4020,0.998331080793639
"26",5,3,0.042,4020,0.998384566913277
"26",5,4,0.042,4020,0.998282924251758
"26",5,5,0.042,4020,0.998365152022874
"26",5,6,0.042,4020,0.99831052385086
"26",5,7,0.042,4020,0.998342691659468
"26",5,8,0.042,4020,0.998297580590591
"26",5,9,0.042,4020,0.998350305341979
"26",5,10,0.042,4020,0.998484496496231
"27",1,1,0.0815,4020,0.99990102212736
"27",1,2,0.0815,4020,0.99990996820431
"27",1,3,0.0815,4020,0.999912252309063
"27",1,4,0.0815,4020,0.99988312997346
"27",1,5,0.0815,4020,0.999921579070139
"27",1,6,0.0815,4020,0.999910539230498
"27",1,7,0.0815,4020,0.999903306232113
"27",1,8,0.0815,4020,0.999897024944042
"27",1,9,0.0815,4020,0.99991339436144
"27",1,10,0.0815,4020,0.999904067600364
"27",2,1,0.0815,4020,0.999926718305834
"27",2,2,0.0815,4020,0.99992786035821
"27",2,3,0.0815,4020,0.999931476857403
"27",2,4,0.0815,4020,0.999938329171663
"27",2,5,0.0815,4020,0.999928431384399
"27",2,6,0.0815,4020,0.999914346071754
"27",2,7,0.0815,4020,0.999926147279646
"27",2,8,0.0815,4020,0.999937567803412
"27",2,9,0.0815,4020,0.999928241042336
"27",2,10,0.0815,4020,0.999929573436775
"27",3,1,0.0815,4020,0.999914726755879
"27",3,2,0.0815,4020,0.999914726755879
"27",3,3,0.0815,4020,0.999899880074983
"27",3,4,0.0815,4020,0.999907684099557
"27",3,5,0.0815,4020,0.999921008043951
"27",3,6,0.0815,4020,0.999915678466193
"27",3,7,0.0815,4020,0.999919485307449
"27",3,8,0.0815,4020,0.999923482490767
"27",3,9,0.0815,4020,0.999910919914624
"27",3,10,0.0815,4020,0.999915107440005
"27",4,1,0.0815,4020,0.999919104623323
"27",4,2,0.0815,4020,0.999914536413817
"27",4,3,0.0815,4020,0.999916439834444
"27",4,4,0.0815,4020,0.999919294965386
"27",4,5,0.0815,4020,0.999907493757494
"27",4,6,0.0815,4020,0.999903496574176
"27",4,7,0.0815,4020,0.999914346071754
"27",4,8,0.0815,4020,0.999903306232113
"27",4,9,0.0815,4020,0.999903306232113
"27",4,10,0.0815,4020,0.999898166996419
"27",5,1,0.0815,4020,0.999927670016148
"27",5,2,0.0815,4020,0.999916249492382
"27",5,3,0.0815,4020,0.999915678466193
"27",5,4,0.0815,4020,0.999930144462964
"27",5,5,0.0815,4020,0.999919675649511
"27",5,6,0.0815,4020,0.999919294965386
"27",5,7,0.0815,4020,0.999919104623323
"27",5,8,0.0815,4020,0.999928431384399
"27",5,9,0.0815,4020,0.999911871624938
"27",5,10,0.0815,4020,0.999927670016148
"28",1,1,0.121,4020,0.999985914687355
"28",1,2,0.121,4020,0.999988008450046
"28",1,3,0.121,4020,0.999985724345292
"28",1,4,0.121,4020,0.999988008450046
"28",1,5,0.121,4020,0.999987437423857
"28",1,6,0.121,4020,0.999988008450046
"28",1,7,0.121,4020,0.999987056739732
"28",1,8,0.121,4020,0.999985724345292
"28",1,9,0.121,4020,0.999988389134171
"28",1,10,0.121,4020,0.999989340844485
"28",2,1,0.121,4020,0.99999105392305
"28",2,2,0.121,4020,0.999994670422242
"28",2,3,0.121,4020,0.999990673238924
"28",2,4,0.121,4020,0.999992957343678
"28",2,5,0.121,4020,0.999990863580987
"28",2,6,0.121,4020,0.999993338027803
"28",2,7,0.121,4020,0.99999448008018
"28",2,8,0.121,4020,0.999992767001615
"28",2,9,0.121,4020,0.999994670422242
"28",2,10,0.121,4020,0.999992005633364
"28",3,1,0.121,4020,0.99998972152861
"28",3,2,0.121,4020,0.999992576659552
"28",3,3,0.121,4020,0.999992576659552
"28",3,4,0.121,4020,0.99998972152861
"28",3,5,0.121,4020,0.99998972152861
"28",3,6,0.121,4020,0.99998972152861
"28",3,7,0.121,4020,0.999991815291301
"28",3,8,0.121,4020,0.999991815291301
"28",3,9,0.121,4020,0.999987818107983
"28",3,10,0.121,4020,0.999989340844485
"28",4,1,0.121,4020,0.999990102212736
"28",4,2,0.121,4020,0.99999105392305
"28",4,3,0.121,4020,0.999985343661167
"28",4,4,0.121,4020,0.99998762776592
"28",4,5,0.121,4020,0.999989911870673
"28",4,6,0.121,4020,0.999988198792108
"28",4,7,0.121,4020,0.999989150502422
"28",4,8,0.121,4020,0.999990292554799
"28",4,9,0.121,4020,0.999988389134171
"28",4,10,0.121,4020,0.999986866397669
"28",5,1,0.121,4020,0.999993718711929
"28",5,2,0.121,4020,0.999992005633364
"28",5,3,0.121,4020,0.999990292554799
"28",5,4,0.121,4020,0.999992005633364
"28",5,5,0.121,4020,0.999991624949238
"28",5,6,0.121,4020,0.999992005633364
"28",5,7,0.121,4020,0.999991624949238
"28",5,8,0.121,4020,0.999992386317489
"28",5,9,0.121,4020,0.999991624949238
"28",5,10,0.121,4020,0.999992767001615
"29",1,1,0.1605,4020,0.999998477263498
"29",1,2,0.1605,4020,0.99999790623731
"29",1,3,0.1605,4020,0.999997715895247
"29",1,4,0.1605,4020,0.999997144869058
"29",1,5,0.1605,4020,0.999997335211121
"29",1,6,0.1605,4020,0.999998096579372
"29",1,7,0.1605,4020,0.999997144869058
"29",1,8,0.1605,4020,0.999997335211121
"29",1,9,0.1605,4020,0.999998096579372
"29",1,10,0.1605,4020,0.999998286921435
"29",2,1,0.1605,4020,0.999998857947623
"29",2,2,0.1605,4020,0.999999048289686
"29",2,3,0.1605,4020,0.999998667605561
"29",2,4,0.1605,4020,0.999998667605561
"29",2,5,0.1605,4020,0.999998667605561
"29",2,6,0.1605,4020,0.999998667605561
"29",2,7,0.1605,4020,0.999998667605561
"29",2,8,0.1605,4020,0.999998667605561
"29",2,9,0.1605,4020,0.999998286921435
"29",2,10,0.1605,4020,0.999999048289686
"29",3,1,0.1605,4020,0.999998477263498
"29",3,2,0.1605,4020,0.99999790623731
"29",3,3,0.1605,4020,0.999997525553184
"29",3,4,0.1605,4020,0.999998096579372
"29",3,5,0.1605,4020,0.999997715895247
"29",3,6,0.1605,4020,0.999998096579372
"29",3,7,0.1605,4020,0.999998286921435
"29",3,8,0.1605,4020,0.999997144869058
"29",3,9,0.1605,4020,0.999996954526996
"29",3,10,0.1605,4020,0.999997335211121
"29",4,1,0.1605,4020,0.999997715895247
"29",4,2,0.1605,4020,0.999997715895247
"29",4,3,0.1605,4020,0.999998096579372
"29",4,4,0.1605,4020,0.99999790623731
"29",4,5,0.1605,4020,0.999998667605561
"29",4,6,0.1605,4020,0.999997715895247
"29",4,7,0.1605,4020,0.999997715895247
"29",4,8,0.1605,4020,0.999997715895247
"29",4,9,0.1605,4020,0.999995241448431
"29",4,10,0.1605,4020,0.999997715895247
"29",5,1,0.1605,4020,0.999997525553184
"29",5,2,0.1605,4020,0.999998096579372
"29",5,3,0.1605,4020,0.999998286921435
"29",5,4,0.1605,4020,0.999998667605561
"29",5,5,0.1605,4020,0.999998096579372
"29",5,6,0.1605,4020,0.99999790623731
"29",5,7,0.1605,4020,0.999997715895247
"29",5,8,0.1605,4020,0.999998477263498
"29",5,9,0.1605,4020,0.999998096579372
"29",5,10,0.1605,4020,0.999998477263498
"3",1,1,0.0815,100,0.768072574383061
"3",1,2,0.0815,100,0.752952942969045
"3",1,3,0.0815,100,0.762694269057452
"3",1,4,0.0815,100,0.790286444818551
"3",1,5,0.0815,100,0.752401902697328
"3",1,6,0.0815,100,0.763666536314077
"3",1,7,0.0815,100,0.758926067240808
"3",1,8,0.0815,100,0.770191271883746
"3",1,9,0.0815,100,0.761879414686736
"3",1,10,0.0815,100,0.773488757779161
"3",2,1,0.0815,100,0.781312387585167
"3",2,2,0.0815,100,0.768890283884718
"3",2,3,0.0815,100,0.774005917163705
"3",2,4,0.0815,100,0.781105676105
"3",2,5,0.0815,100,0.769041986508745
"3",2,6,0.0815,100,0.787563220926511
"3",2,7,0.0815,100,0.782187580389781
"3",2,8,0.0815,100,0.795482783132153
"3",2,9,0.0815,100,0.769601401831224
"3",2,10,0.0815,100,0.786960407613721
"3",3,1,0.0815,100,0.790983667794475
"3",3,2,0.0815,100,0.770661987804974
"3",3,3,0.0815,100,0.774158000471858
"3",3,4,0.0815,100,0.762073563590761
"3",3,5,0.0815,100,0.774799833907516
"3",3,6,0.0815,100,0.780824350536227
"3",3,7,0.0815,100,0.782390675370755
"3",3,8,0.0815,100,0.784014293166177
"3",3,9,0.0815,100,0.772656201596608
"3",3,10,0.0815,100,0.770491441316733
"3",4,1,0.0815,100,0.773031365802327
"3",4,2,0.0815,100,0.754862264200684
"3",4,3,0.0815,100,0.756503203123818
"3",4,4,0.0815,100,0.774475491032557
"3",4,5,0.0815,100,0.774598832689232
"3",4,6,0.0815,100,0.768470008610123
"3",4,7,0.0815,100,0.754459881079989
"3",4,8,0.0815,100,0.750420251481837
"3",4,9,0.0815,100,0.755964344744118
"3",4,10,0.0815,100,0.774884155441323
"3",5,1,0.0815,100,0.757922583885888
"3",5,2,0.0815,100,0.766111860794474
"3",5,3,0.0815,100,0.759877587212592
"3",5,4,0.0815,100,0.771502538354164
"3",5,5,0.0815,100,0.755857562846904
"3",5,6,0.0815,100,0.775396936958423
"3",5,7,0.0815,100,0.767465954229015
"3",5,8,0.0815,100,0.747959699636418
"3",5,9,0.0815,100,0.768543861330478
"3",5,10,0.0815,100,0.777478137072743
"30",1,1,0.2,4020,0.999999809657937
"30",1,2,0.2,4020,1
"30",1,3,0.2,4020,0.999999809657937
"30",1,4,0.2,4020,0.999999238631749
"30",1,5,0.2,4020,0.999999619315874
"30",1,6,0.2,4020,0.999999809657937
"30",1,7,0.2,4020,0.999999428973812
"30",1,8,0.2,4020,0.999999238631749
"30",1,9,0.2,4020,0.999999428973812
"30",1,10,0.2,4020,0.999999428973812
"30",2,1,0.2,4020,1
"30",2,2,0.2,4020,1
"30",2,3,0.2,4020,0.999999809657937
"30",2,4,0.2,4020,0.999999809657937
"30",2,5,0.2,4020,1
"30",2,6,0.2,4020,0.999999809657937
"30",2,7,0.2,4020,0.999999809657937
"30",2,8,0.2,4020,0.999999809657937
"30",2,9,0.2,4020,1
"30",2,10,0.2,4020,0.999999809657937
"30",3,1,0.2,4020,0.999999619315874
"30",3,2,0.2,4020,0.999999809657937
"30",3,3,0.2,4020,1
"30",3,4,0.2,4020,0.999999809657937
"30",3,5,0.2,4020,0.999999809657937
"30",3,6,0.2,4020,0.999999428973812
"30",3,7,0.2,4020,0.999999428973812
"30",3,8,0.2,4020,0.999999619315874
"30",3,9,0.2,4020,0.999999619315874
"30",3,10,0.2,4020,0.999999809657937
"30",4,1,0.2,4020,1
"30",4,2,0.2,4020,1
"30",4,3,0.2,4020,1
"30",4,4,0.2,4020,1
"30",4,5,0.2,4020,1
"30",4,6,0.2,4020,0.999999809657937
"30",4,7,0.2,4020,1
"30",4,8,0.2,4020,1
"30",4,9,0.2,4020,1
"30",4,10,0.2,4020,1
"30",5,1,0.2,4020,0.999999619315874
"30",5,2,0.2,4020,1
"30",5,3,0.2,4020,0.999999809657937
"30",5,4,0.2,4020,0.999999809657937
"30",5,5,0.2,4020,0.999999428973812
"30",5,6,0.2,4020,0.999999619315874
"30",5,7,0.2,4020,0.999999428973812
"30",5,8,0.2,4020,0.999999619315874
"30",5,9,0.2,4020,0.999999428973812
"30",5,10,0.2,4020,0.999999809657937
"31",1,1,0.0025,5000,0.842956187349505
"31",1,2,0.0025,5000,0.843704993024439
"31",1,3,0.0025,5000,0.841942806207321
"31",1,4,0.0025,5000,0.841626838383124
"31",1,5,0.0025,5000,0.844680876780257
"31",1,6,0.0025,5000,0.842327297174115
"31",1,7,0.0025,5000,0.846013842245831
"31",1,8,0.0025,5000,0.840990144183161
"31",1,9,0.0025,5000,0.839694866446016
"31",1,10,0.0025,5000,0.843801496450263
"31",2,1,0.0025,5000,0.861031069630077
"31",2,2,0.0025,5000,0.861949279740876
"31",2,3,0.0025,5000,0.863292904361964
"31",2,4,0.0025,5000,0.860899352922641
"31",2,5,0.0025,5000,0.862308074529196
"31",2,6,0.0025,5000,0.862808483812216
"31",2,7,0.0025,5000,0.86148770023866
"31",2,8,0.0025,5000,0.861265190367283
"31",2,9,0.0025,5000,0.859918900957316
"31",2,10,0.0025,5000,0.862341765074306
"31",3,1,0.0025,5000,0.854298290185802
"31",3,2,0.0025,5000,0.856708782068712
"31",3,3,0.0025,5000,0.855489641156674
"31",3,4,0.0025,5000,0.856664813052212
"31",3,5,0.0025,5000,0.856433357103885
"31",3,6,0.0025,5000,0.857336149507599
"31",3,7,0.0025,5000,0.856420604185679
"31",3,8,0.0025,5000,0.857228796584197
"31",3,9,0.0025,5000,0.85643507018245
"31",3,10,0.0025,5000,0.857332152324281
"31",4,1,0.0025,5000,0.849394126938551
"31",4,2,0.0025,5000,0.84697126282156
"31",4,3,0.0025,5000,0.850765922184929
"31",4,4,0.0025,5000,0.848068013787237
"31",4,5,0.0025,5000,0.846871333238607
"31",4,6,0.0025,5000,0.849511758333342
"31",4,7,0.0025,5000,0.850980818373795
"31",4,8,0.0025,5000,0.85207262044584
"31",4,9,0.0025,5000,0.849124031551481
"31",4,10,0.0025,5000,0.847030268861019
"31",5,1,0.0025,5000,0.856985539427978
"31",5,2,0.0025,5000,0.857944102056085
"31",5,3,0.0025,5000,0.857316353933071
"31",5,4,0.0025,5000,0.856702691122703
"31",5,5,0.0025,5000,0.856942141437667
"31",5,6,0.0025,5000,0.855019305919572
"31",5,7,0.0025,5000,0.85738221228679
"31",5,8,0.0025,5000,0.85710869074259
"31",5,9,0.0025,5000,0.859581614822089
"31",5,10,0.0025,5000,0.857662586145249
"32",1,1,0.042,5000,0.999195424100674
"32",1,2,0.042,5000,0.999219026516458
"32",1,3,0.042,5000,0.999278222897979
"32",1,4,0.042,5000,0.999258236981388
"32",1,5,0.042,5000,0.999241296537802
"32",1,6,0.042,5000,0.999189713838791
"32",1,7,0.042,5000,0.99922397541009
"32",1,8,0.042,5000,0.999224546436278
"32",1,9,0.042,5000,0.999161733555564
"32",1,10,0.042,5000,0.999190665549105
"32",2,1,0.042,5000,0.999433161337073
"32",2,2,0.042,5000,0.999404419685595
"32",2,3,0.042,5000,0.99942059876093
"32",2,4,0.042,5000,0.999374155297615
"32",2,5,0.042,5000,0.999400803186402
"32",2,6,0.042,5000,0.99937453598174
"32",2,7,0.042,5000,0.999440965361647
"32",2,8,0.042,5000,0.999441726729898
"32",2,9,0.042,5000,0.999348078435015
"32",2,10,0.042,5000,0.999450292122722
"32",3,1,0.042,5000,0.999400803186402
"32",3,2,0.042,5000,0.999292688894749
"32",3,3,0.042,5000,0.999321240204165
"32",3,4,0.042,5000,0.999322572598604
"32",3,5,0.042,5000,0.999361402379409
"32",3,6,0.042,5000,0.999264137585334
"32",3,7,0.042,5000,0.999325808413671
"32",3,8,0.042,5000,0.999389001978511
"32",3,9,0.042,5000,0.999306393523269
"32",3,10,0.042,5000,0.999313436179591
"32",4,1,0.042,5000,0.999216171385516
"32",4,2,0.042,5000,0.999263376217083
"32",4,3,0.042,5000,0.999207605992691
"32",4,4,0.042,5000,0.999256904586949
"32",4,5,0.042,5000,0.999266802374213
"32",4,6,0.042,5000,0.999201705388746
"32",4,7,0.042,5000,0.999188762128477
"32",4,8,0.042,5000,0.999228733961659
"32",4,9,0.042,5000,0.999136418061216
"32",4,10,0.042,5000,0.999275367767037
"32",5,1,0.042,5000,0.999359308616719
"32",5,2,0.042,5000,0.999396615661021
"32",5,3,0.042,5000,0.999337609621563
"32",5,4,0.042,5000,0.999308487285959
"32",5,5,0.042,5000,0.99937110982461
"32",5,6,0.042,5000,0.999341416462818
"32",5,7,0.042,5000,0.99934769775089
"32",5,8,0.042,5000,0.999327902176362
"32",5,9,0.042,5000,0.999357595538154
"32",5,10,0.042,5000,0.99936216374766
"33",1,1,0.0815,5000,0.999964215692199
"33",1,2,0.0815,5000,0.999969545269957
"33",1,3,0.0815,5000,0.999965548086639
"33",1,4,0.0815,5000,0.999961550903321
"33",1,5,0.0815,5000,0.999967070823141
"33",1,6,0.0815,5000,0.999965357744576
"33",1,7,0.0815,5000,0.999964596376325
"33",1,8,0.0815,5000,0.999968022533455
"33",1,9,0.0815,5000,0.999968212875518
"33",1,10,0.0815,5000,0.999968974243769
"33",2,1,0.0815,5000,0.999974494163589
"33",2,2,0.0815,5000,0.999980965793723
"33",2,3,0.0815,5000,0.999977729978656
"33",2,4,0.0815,5000,0.999982869214351
"33",2,5,0.0815,5000,0.999975826558028
"33",2,6,0.0815,5000,0.999971258348522
"33",2,7,0.0815,5000,0.999974684505652
"33",2,8,0.0815,5000,0.999979062373095
"33",2,9,0.0815,5000,0.999974494163589
"33",2,10,0.0815,5000,0.999980014083409
"33",3,1,0.0815,5000,0.999974113479463
"33",3,2,0.0815,5000,0.999974303821526
"33",3,3,0.0815,5000,0.999971639032647
"33",3,4,0.0815,5000,0.999972971427087
"33",3,5,0.0815,5000,0.999977158952468
"33",3,6,0.0815,5000,0.999968212875518
"33",3,7,0.0815,5000,0.999976778268342
"33",3,8,0.0815,5000,0.999978872031033
"33",3,9,0.0815,5000,0.999975826558028
"33",3,10,0.0815,5000,0.999976587926279
"33",4,1,0.0815,5000,0.999972971427087
"33",4,2,0.0815,5000,0.999965928770764
"33",4,3,0.0815,5000,0.999971068006459
"33",4,4,0.0815,5000,0.999974874847715
"33",4,5,0.0815,5000,0.999967832191392
"33",4,6,0.0815,5000,0.999970877664396
"33",4,7,0.0815,5000,0.999967832191392
"33",4,8,0.0815,5000,0.999966880481078
"33",4,9,0.0815,5000,0.99997182937471
"33",4,10,0.0815,5000,0.999969925954083
"33",5,1,0.0815,5000,0.999977729978656
"33",5,2,0.0815,5000,0.999975636215966
"33",5,3,0.0815,5000,0.999970877664396
"33",5,4,0.0815,5000,0.999975445873903
"33",5,5,0.0815,5000,0.999972781085024
"33",5,6,0.0815,5000,0.999976587926279
"33",5,7,0.0815,5000,0.99997868168897
"33",5,8,0.0815,5000,0.999975636215966
"33",5,9,0.0815,5000,0.999969925954083
"33",5,10,0.0815,5000,0.99997868168897
"34",1,1,0.121,5000,0.999995812474619
"34",1,2,0.121,5000,0.999997144869058
"34",1,3,0.121,5000,0.999995431790494
"34",1,4,0.121,5000,0.99999657384287
"34",1,5,0.121,5000,0.999997144869058
"34",1,6,0.121,5000,0.999996193158745
"34",1,7,0.121,5000,0.999994670422242
"34",1,8,0.121,5000,0.999995622132556
"34",1,9,0.121,5000,0.999996383500807
"34",1,10,0.121,5000,0.999996764184933
"34",2,1,0.121,5000,0.999998477263498
"34",2,2,0.121,5000,0.999997335211121
"34",2,3,0.121,5000,0.999997525553184
"34",2,4,0.121,5000,0.999997525553184
"34",2,5,0.121,5000,0.999998477263498
"34",2,6,0.121,5000,0.999998477263498
"34",2,7,0.121,5000,0.99999790623731
"34",2,8,0.121,5000,0.999998667605561
"34",2,9,0.121,5000,0.999998096579372
"34",2,10,0.121,5000,0.999998667605561
"34",3,1,0.121,5000,0.99999657384287
"34",3,2,0.121,5000,0.999997525553184
"34",3,3,0.121,5000,0.999997525553184
"34",3,4,0.121,5000,0.999996002816682
"34",3,5,0.121,5000,0.999996002816682
"34",3,6,0.121,5000,0.999997335211121
"34",3,7,0.121,5000,0.999997335211121
"34",3,8,0.121,5000,0.999996383500807
"34",3,9,0.121,5000,0.999997144869058
"34",3,10,0.121,5000,0.999996954526996
"34",4,1,0.121,5000,0.999995622132556
"34",4,2,0.121,5000,0.999996954526996
"34",4,3,0.121,5000,0.999995812474619
"34",4,4,0.121,5000,0.999995051106368
"34",4,5,0.121,5000,0.999996383500807
"34",4,6,0.121,5000,0.99999657384287
"34",4,7,0.121,5000,0.999996764184933
"34",4,8,0.121,5000,0.999996764184933
"34",4,9,0.121,5000,0.999996764184933
"34",4,10,0.121,5000,0.999995241448431
"34",5,1,0.121,5000,0.999997525553184
"34",5,2,0.121,5000,0.999997144869058
"34",5,3,0.121,5000,0.99999657384287
"34",5,4,0.121,5000,0.999996193158745
"34",5,5,0.121,5000,0.999997335211121
"34",5,6,0.121,5000,0.999997144869058
"34",5,7,0.121,5000,0.999997144869058
"34",5,8,0.121,5000,0.999996764184933
"34",5,9,0.121,5000,0.999996954526996
"34",5,10,0.121,5000,0.999997335211121
"35",1,1,0.1605,5000,0.999999619315874
"35",1,2,0.1605,5000,0.999999809657937
"35",1,3,0.1605,5000,0.999999809657937
"35",1,4,0.1605,5000,0.999998857947623
"35",1,5,0.1605,5000,0.999999809657937
"35",1,6,0.1605,5000,1
"35",1,7,0.1605,5000,0.999999048289686
"35",1,8,0.1605,5000,0.999999238631749
"35",1,9,0.1605,5000,0.999999809657937
"35",1,10,0.1605,5000,0.999999809657937
"35",2,1,0.1605,5000,1
"35",2,2,0.1605,5000,0.999999809657937
"35",2,3,0.1605,5000,1
"35",2,4,0.1605,5000,1
"35",2,5,0.1605,5000,1
"35",2,6,0.1605,5000,0.999999809657937
"35",2,7,0.1605,5000,0.999999809657937
"35",2,8,0.1605,5000,1
"35",2,9,0.1605,5000,0.999999809657937
"35",2,10,0.1605,5000,1
"35",3,1,0.1605,5000,0.999999619315874
"35",3,2,0.1605,5000,0.999999428973812
"35",3,3,0.1605,5000,0.999999809657937
"35",3,4,0.1605,5000,0.999999809657937
"35",3,5,0.1605,5000,0.999999619315874
"35",3,6,0.1605,5000,1
"35",3,7,0.1605,5000,0.999999809657937
"35",3,8,0.1605,5000,0.999999619315874
"35",3,9,0.1605,5000,0.999999428973812
"35",3,10,0.1605,5000,0.999999238631749
"35",4,1,0.1605,5000,1
"35",4,2,0.1605,5000,1
"35",4,3,0.1605,5000,1
"35",4,4,0.1605,5000,1
"35",4,5,0.1605,5000,1
"35",4,6,0.1605,5000,0.999999809657937
"35",4,7,0.1605,5000,0.999999809657937
"35",4,8,0.1605,5000,0.999999809657937
"35",4,9,0.1605,5000,0.999999619315874
"35",4,10,0.1605,5000,0.999999619315874
"35",5,1,0.1605,5000,0.999999619315874
"35",5,2,0.1605,5000,0.999999809657937
"35",5,3,0.1605,5000,0.999999428973812
"35",5,4,0.1605,5000,1
"35",5,5,0.1605,5000,0.999999428973812
"35",5,6,0.1605,5000,0.999999809657937
"35",5,7,0.1605,5000,0.999999809657937
"35",5,8,0.1605,5000,0.999999238631749
"35",5,9,0.1605,5000,0.999999809657937
"35",5,10,0.1605,5000,0.999999809657937
"36",1,1,0.2,5000,1
"36",1,2,0.2,5000,1
"36",1,3,0.2,5000,1
"36",1,4,0.2,5000,1
"36",1,5,0.2,5000,1
"36",1,6,0.2,5000,1
"36",1,7,0.2,5000,1
"36",1,8,0.2,5000,1
"36",1,9,0.2,5000,0.999999809657937
"36",1,10,0.2,5000,0.999999809657937
"36",2,1,0.2,5000,1
"36",2,2,0.2,5000,1
"36",2,3,0.2,5000,0.999999809657937
"36",2,4,0.2,5000,1
"36",2,5,0.2,5000,1
"36",2,6,0.2,5000,1
"36",2,7,0.2,5000,1
"36",2,8,0.2,5000,1
"36",2,9,0.2,5000,1
"36",2,10,0.2,5000,1
"36",3,1,0.2,5000,1
"36",3,2,0.2,5000,1
"36",3,3,0.2,5000,1
"36",3,4,0.2,5000,0.999999809657937
"36",3,5,0.2,5000,0.999999809657937
"36",3,6,0.2,5000,0.999999809657937
"36",3,7,0.2,5000,1
"36",3,8,0.2,5000,1
"36",3,9,0.2,5000,1
"36",3,10,0.2,5000,1
"36",4,1,0.2,5000,1
"36",4,2,0.2,5000,1
"36",4,3,0.2,5000,1
"36",4,4,0.2,5000,1
"36",4,5,0.2,5000,1
"36",4,6,0.2,5000,1
"36",4,7,0.2,5000,1
"36",4,8,0.2,5000,1
"36",4,9,0.2,5000,1
"36",4,10,0.2,5000,1
"36",5,1,0.2,5000,1
"36",5,2,0.2,5000,1
"36",5,3,0.2,5000,1
"36",5,4,0.2,5000,1
"36",5,5,0.2,5000,1
"36",5,6,0.2,5000,1
"36",5,7,0.2,5000,1
"36",5,8,0.2,5000,1
"36",5,9,0.2,5000,1
"36",5,10,0.2,5000,1
"4",1,1,0.121,100,0.811727907163324
"4",1,2,0.121,100,0.787623559360409
"4",1,3,0.121,100,0.790377618666618
"4",1,4,0.121,100,0.816628834595507
"4",1,5,0.121,100,0.781859430673566
"4",1,6,0.121,100,0.796933379992518
"4",1,7,0.121,100,0.799042370048001
"4",1,8,0.121,100,0.805177856099307
"4",1,9,0.121,100,0.790429772391817
"4",1,10,0.121,100,0.803314597646858
"4",2,1,0.121,100,0.818048405699641
"4",2,2,0.121,100,0.811534329285487
"4",2,3,0.121,100,0.810404458800889
"4",2,4,0.121,100,0.811451911172308
"4",2,5,0.121,100,0.809233284088669
"4",2,6,0.121,100,0.829077776526807
"4",2,7,0.121,100,0.807724252215034
"4",2,8,0.121,100,0.81955705688915
"4",2,9,0.121,100,0.823748769795456
"4",2,10,0.121,100,0.822134669103172
"4",3,1,0.121,100,0.82606332927873
"4",3,2,0.121,100,0.810789140109745
"4",3,3,0.121,100,0.820087540218088
"4",3,4,0.121,100,0.79924299058216
"4",3,5,0.121,100,0.81169535867059
"4",3,6,0.121,100,0.81172352929588
"4",3,7,0.121,100,0.816642158539901
"4",3,8,0.121,100,0.808200107371958
"4",3,9,0.121,100,0.814390031253215
"4",3,10,0.121,100,0.809538021731163
"4",4,1,0.121,100,0.814162762830268
"4",4,2,0.121,100,0.793741343599877
"4",4,3,0.121,100,0.805132364346305
"4",4,4,0.121,100,0.79903951491706
"4",4,5,0.121,100,0.806634734247743
"4",4,6,0.121,100,0.812644023511432
"4",4,7,0.121,100,0.796732188432171
"4",4,8,0.121,100,0.811343225854467
"4",4,9,0.121,100,0.799276490785208
"4",4,10,0.121,100,0.808858119882951
"4",5,1,0.121,100,0.808584598338752
"4",5,2,0.121,100,0.790480403380513
"4",5,3,0.121,100,0.80541521265158
"4",5,4,0.121,100,0.811427166704148
"4",5,5,0.121,100,0.810895922006959
"4",5,6,0.121,100,0.811691171145209
"4",5,7,0.121,100,0.812415232351984
"4",5,8,0.121,100,0.786648627314904
"4",5,9,0.121,100,0.79819477684249
"4",5,10,0.121,100,0.812676762346229
"5",1,1,0.1605,100,0.835000650494
"5",1,2,0.1605,100,0.804625673775213
"5",1,3,0.1605,100,0.814481395443344
"5",1,4,0.1605,100,0.840554451201482
"5",1,5,0.1605,100,0.811077698676904
"5",1,6,0.1605,100,0.82000378971047
"5",1,7,0.1605,100,0.839594556178936
"5",1,8,0.1605,100,0.825578337702794
"5",1,9,0.1605,100,0.818385882176931
"5",1,10,0.1605,100,0.828291854149633
"5",2,1,0.1605,100,0.836335900064326
"5",2,2,0.1605,100,0.842371837216803
"5",2,3,0.1605,100,0.829983043377338
"5",2,4,0.1605,100,0.833307367503604
"5",2,5,0.1605,100,0.839550967846562
"5",2,6,0.1605,100,0.857521542676737
"5",2,7,0.1605,100,0.837687899736176
"5",2,8,0.1605,100,0.830697777823037
"5",2,9,0.1605,100,0.836088265040663
"5",2,10,0.1605,100,0.835248475859725
"5",3,1,0.1605,100,0.845694257922441
"5",3,2,0.1605,100,0.843869448566672
"5",3,3,0.1605,100,0.834297146230004
"5",3,4,0.1605,100,0.824035234599923
"5",3,5,0.1605,100,0.825309955394289
"5",3,6,0.1605,100,0.843275200646706
"5",3,7,0.1605,100,0.852555708601149
"5",3,8,0.1605,100,0.832684758616285
"5",3,9,0.1605,100,0.838253215662601
"5",3,10,0.1605,100,0.833210102709529
"5",4,1,0.1605,100,0.826077985617563
"5",4,2,0.1605,100,0.821340752359361
"5",4,3,0.1605,100,0.834075588068941
"5",4,4,0.1605,100,0.837366031308033
"5",4,5,0.1605,100,0.818860404939415
"5",4,6,0.1605,100,0.829944213596533
"5",4,7,0.1605,100,0.831870665613821
"5",4,8,0.1605,100,0.832516496232797
"5",4,9,0.1605,100,0.82772596719702
"5",4,10,0.1605,100,0.826652818647127
"5",5,1,0.1605,100,0.831956319542068
"5",5,2,0.1605,100,0.831867239456691
"5",5,3,0.1605,100,0.81950890034727
"5",5,4,0.1605,100,0.852399818451741
"5",5,5,0.1605,100,0.81878655221906
"5",5,6,0.1605,100,0.83080798587738
"5",5,7,0.1605,100,0.826537852041214
"5",5,8,0.1605,100,0.807686945170732
"5",5,9,0.1605,100,0.842433317703078
"5",5,10,0.1605,100,0.833396828273105
"6",1,1,0.2,100,0.834554488698868
"6",1,2,0.2,100,0.846173158552369
"6",1,3,0.2,100,0.841610849649852
"6",1,4,0.2,100,0.843965190624245
"6",1,5,0.2,100,0.832467007296477
"6",1,6,0.2,100,0.834039232734952
"6",1,7,0.2,100,0.843087904056941
"6",1,8,0.2,100,0.844746925476038
"6",1,9,0.2,100,0.84403219103034
"6",1,10,0.2,100,0.840258849978001
"6",2,1,0.2,100,0.866462290049136
"6",2,2,0.2,100,0.853558430587817
"6",2,3,0.2,100,0.854655562237619
"6",2,4,0.2,100,0.846923296621742
"6",2,5,0.2,100,0.869536124020797
"6",2,6,0.2,100,0.867471102981813
"6",2,7,0.2,100,0.853762286937043
"6",2,8,0.2,100,0.860419690924462
"6",2,9,0.2,100,0.845868420909875
"6",2,10,0.2,100,0.870513340171055
"6",3,1,0.2,100,0.870615173174636
"6",3,2,0.2,100,0.84925936475811
"6",3,3,0.2,100,0.854855421403527
"6",3,4,0.2,100,0.84391950852918
"6",3,5,0.2,100,0.856538806606659
"6",3,6,0.2,100,0.854597698250538
"6",3,7,0.2,100,0.861142990762985
"6",3,8,0.2,100,0.852520114635411
"6",3,9,0.2,100,0.858064207897692
"6",3,10,0.2,100,0.843707467471255
"6",4,1,0.2,100,0.841823652076028
"6",4,2,0.2,100,0.847159320779576
"6",4,3,0.2,100,0.851902073957599
"6",4,4,0.2,100,0.85010752898981
"6",4,5,0.2,100,0.844343780987093
"6",4,6,0.2,100,0.843527594221938
"6",4,7,0.2,100,0.844013347166125
"6",4,8,0.2,100,0.836460954799566
"6",4,9,0.2,100,0.839536692191854
"6",4,10,0.2,100,0.833200204922265
"6",5,1,0.2,100,0.848780654470245
"6",5,2,0.2,100,0.849742452913418
"6",5,3,0.2,100,0.864792419132461
"6",5,4,0.2,100,0.872877959616838
"6",5,5,0.2,100,0.829770621635288
"6",5,6,0.2,100,0.847824375946892
"6",5,7,0.2,100,0.847203480138139
"6",5,8,0.2,100,0.833722693884567
"6",5,9,0.2,100,0.861550132435249
"6",5,10,0.2,100,0.865968733080375
"7",1,1,0.0025,1080,0.666196553495304
"7",1,2,0.0025,1080,0.67437897808963
"7",1,3,0.0025,1080,0.665065540958328
"7",1,4,0.0025,1080,0.669417712223548
"7",1,5,0.0025,1080,0.665026711177524
"7",1,6,0.0025,1080,0.673270235573999
"7",1,7,0.0025,1080,0.675242179344289
"7",1,8,0.0025,1080,0.670110557332029
"7",1,9,0.0025,1080,0.668310682786482
"7",1,10,0.0025,1080,0.670737924770916
"7",2,1,0.0025,1080,0.68835103720721
"7",2,2,0.0025,1080,0.6870540463915
"7",2,3,0.0025,1080,0.688493413070161
"7",2,4,0.0025,1080,0.68282007754726
"7",2,5,0.0025,1080,0.685143392765422
"7",2,6,0.0025,1080,0.690277679566561
"7",2,7,0.0025,1080,0.679355661662796
"7",2,8,0.0025,1080,0.681708099216562
"7",2,9,0.0025,1080,0.685083244673587
"7",2,10,0.0025,1080,0.686684021421476
"7",3,1,0.0025,1080,0.68255892823714
"7",3,2,0.0025,1080,0.683554417225424
"7",3,3,0.0025,1080,0.682583101679112
"7",3,4,0.0025,1080,0.682701113758029
"7",3,5,0.0025,1080,0.67879301052525
"7",3,6,0.0025,1080,0.680549487080485
"7",3,7,0.0025,1080,0.690871546802401
"7",3,8,0.0025,1080,0.682768114164124
"7",3,9,0.0025,1080,0.675578133085077
"7",3,10,0.0025,1080,0.676804697337562
"7",4,1,0.0025,1080,0.673076086669974
"7",4,2,0.0025,1080,0.664752047580947
"7",4,3,0.0025,1080,0.666460748278427
"7",4,4,0.0025,1080,0.669100602346975
"7",4,5,0.0025,1080,0.669225847424277
"7",4,6,0.0025,1080,0.667484407892001
"7",4,7,0.0025,1080,0.668167164871154
"7",4,8,0.0025,1080,0.672589762699599
"7",4,9,0.0025,1080,0.661412876773786
"7",4,10,0.0025,1080,0.666839148299213
"7",5,1,0.0025,1080,0.6822385825455
"7",5,2,0.0025,1080,0.685819487772378
"7",5,3,0.0025,1080,0.685406064812043
"7",5,4,0.0025,1080,0.692466042262219
"7",5,5,0.0025,1080,0.683759415627026
"7",5,6,0.0025,1080,0.680268542195837
"7",5,7,0.0025,1080,0.686278973511903
"7",5,8,0.0025,1080,0.673696601794602
"7",5,9,0.0025,1080,0.689310932229755
"7",5,10,0.0025,1080,0.688721252519296
"8",1,1,0.042,1080,0.953472786176674
"8",1,2,0.042,1080,0.955210609209758
"8",1,3,0.042,1080,0.955155410011555
"8",1,4,0.042,1080,0.956461917930403
"8",1,5,0.042,1080,0.953751637298631
"8",1,6,0.042,1080,0.951705079439736
"8",1,7,0.042,1080,0.953059172874277
"8",1,8,0.042,1080,0.955715015676097
"8",1,9,0.042,1080,0.953544925818464
"8",1,10,0.042,1080,0.951499319669882
"8",2,1,0.042,1080,0.967387742675423
"8",2,2,0.042,1080,0.962116790273216
"8",2,3,0.042,1080,0.962281245815449
"8",2,4,0.042,1080,0.963664080901468
"8",2,5,0.042,1080,0.962040463106046
"8",2,6,0.042,1080,0.961604199098178
"8",2,7,0.042,1080,0.962958102190656
"8",2,8,0.042,1080,0.964473415352363
"8",2,9,0.042,1080,0.960101638854678
"8",2,10,0.042,1080,0.963808169842984
"8",3,1,0.042,1080,0.959538797375069
"8",3,2,0.042,1080,0.959736753120349
"8",3,3,0.042,1080,0.955551511844178
"8",3,4,0.042,1080,0.958974813843083
"8",3,5,0.042,1080,0.960658008704152
"8",3,6,0.042,1080,0.959461708839647
"8",3,7,0.042,1080,0.959438867792115
"8",3,8,0.042,1080,0.959100629946574
"8",3,9,0.042,1080,0.958773051256548
"8",3,10,0.042,1080,0.958330315618547
"8",4,1,0.042,1080,0.958015680188789
"8",4,2,0.042,1080,0.955707401993586
"8",4,3,0.042,1080,0.957646606929079
"8",4,4,0.042,1080,0.955537426531533
"8",4,5,0.042,1080,0.954399371338235
"8",4,6,0.042,1080,0.956921974696117
"8",4,7,0.042,1080,0.957961242358837
"8",4,8,0.042,1080,0.956988404076023
"8",4,9,0.042,1080,0.957582461653926
"8",4,10,0.042,1080,0.956250447898667
"8",5,1,0.042,1080,0.963308712270277
"8",5,2,0.042,1080,0.960944092824494
"8",5,3,0.042,1080,0.959934518523566
"8",5,4,0.042,1080,0.961163937906993
"8",5,5,0.042,1080,0.961375217596667
"8",5,6,0.042,1080,0.962293808391592
"8",5,7,0.042,1080,0.957100325208931
"8",5,8,0.042,1080,0.96248205669167
"8",5,9,0.042,1080,0.958941313640036
"8",5,10,0.042,1080,0.962802212041248
"9",1,1,0.0815,1080,0.985681708670243
"9",1,2,0.0815,1080,0.98576603020405
"9",1,3,0.0815,1080,0.987128879373478
"9",1,4,0.0815,1080,0.985324246276362
"9",1,5,0.0815,1080,0.986306601662314
"9",1,6,0.0815,1080,0.986576506707321
"9",1,7,0.0815,1080,0.985335476458065
"9",1,8,0.0815,1080,0.985278373839235
"9",1,9,0.0815,1080,0.985889181518661
"9",1,10,0.0815,1080,0.983824541163803
"9",2,1,0.0815,1080,0.989996953575285
"9",2,2,0.0815,1080,0.989706301245437
"9",2,3,0.0815,1080,0.989508916526345
"9",2,4,0.0815,1080,0.989726667846153
"9",2,5,0.0815,1080,0.988672743844599
"9",2,6,0.0815,1080,0.988427963951878
"9",2,7,0.0815,1080,0.989162303630042
"9",2,8,0.0815,1080,0.989717912111266
"9",2,9,0.0815,1080,0.989340654142857
"9",2,10,0.0815,1080,0.989742846921488
"9",3,1,0.0815,1080,0.986758093035203
"9",3,2,0.0815,1080,0.987578086641613
"9",3,3,0.0815,1080,0.98730570714979
"9",3,4,0.0815,1080,0.987787653252722
"9",3,5,0.0815,1080,0.988001026705087
"9",3,6,0.0815,1080,0.988275309617537
"9",3,7,0.0815,1080,0.987051981180119
"9",3,8,0.0815,1080,0.987233948192126
"9",3,9,0.0815,1080,0.988111044417367
"9",3,10,0.0815,1080,0.987773948624203
"9",4,1,0.0815,1080,0.986944628256717
"9",4,2,0.0815,1080,0.987246320426206
"9",4,3,0.0815,1080,0.986143478514521
"9",4,4,0.0815,1080,0.986018043095156
"9",4,5,0.0815,1080,0.985300263176453
"9",4,6,0.0815,1080,0.986609245542117
"9",4,7,0.0815,1080,0.986147666039902
"9",4,8,0.0815,1080,0.987117649191774
"9",4,9,0.0815,1080,0.984785387896662
"9",4,10,0.0815,1080,0.984729236988145
"9",5,1,0.0815,1080,0.988669508029532
"9",5,2,0.0815,1080,0.986936633890081
"9",5,3,0.0815,1080,0.987138206134553
"9",5,4,0.0815,1080,0.988510762749183
"9",5,5,0.0815,1080,0.988699772417513
"9",5,6,0.0815,1080,0.988990044063236
"9",5,7,0.0815,1080,0.987755675786177
"9",5,8,0.0815,1080,0.9879661941076
"9",5,9,0.0815,1080,0.988399602984525
"9",5,10,0.0815,1080,0.988303289900764
